-- phpMyAdmin SQL Dump
-- version 4.7.9
-- https://www.phpmyadmin.net/
--
-- Servidor: 127.0.0.1
-- Tiempo de generación: 09-06-2018 a las 06:09:46
-- Versión del servidor: 10.1.31-MariaDB
-- Versión de PHP: 7.2.3

SET SQL_MODE = "NO_AUTO_VALUE_ON_ZERO";
SET AUTOCOMMIT = 0;
START TRANSACTION;
SET time_zone = "+00:00";


/*!40101 SET @OLD_CHARACTER_SET_CLIENT=@@CHARACTER_SET_CLIENT */;
/*!40101 SET @OLD_CHARACTER_SET_RESULTS=@@CHARACTER_SET_RESULTS */;
/*!40101 SET @OLD_COLLATION_CONNECTION=@@COLLATION_CONNECTION */;
/*!40101 SET NAMES utf8mb4 */;

--
-- Base de datos: `criptas`
--

DELIMITER $$
--
-- Procedimientos
--
CREATE DEFINER=`root`@`localhost` PROCEDURE `showBuenPastor` ()  BEGIN
     SELECT id_nicho As 'Nicho', id_cliente As 'Cliente', tipo_nicho As 'Tipo', 
    Costo, Estado, CONCAT(Nombre_Dif, " ", AP_Pat_Dif, " ", AP_Mat_Dif) As 'Difunto' 
    FROM buen_pastor ORDER BY SUBSTR(id_nicho FROM 1 FOR 1), CAST(SUBSTR(id_nicho FROM 2) AS UNSIGNED),id_nicho;
END$$

CREATE DEFINER=`root`@`localhost` PROCEDURE `showClients` ()  BEGIN
    SELECT ID_Cliente As 'N.Cliente', CONCAT(Nombre, " ",AP_Paterno, " ", AP_Materno) As 'Nombre', 
    ID_Nicho As 'Nicho', Lado, Saldo, Forma_Pago As 'Forma de pago',Calle+' '+Numero+', '+Colonia+','+Ciudad+'    '+Codigo_Postal AS 'Dirección', Teléfono, 
    CONCAT(Ben1,' (', Ben1_Par, ')') As 'Benficiario 1', CONCAT(Ben2,' (', Ben2_Par, ')') As 'Benficiario 2',
    Fecha_Apertura As 'Fecha Apertura',Fecha_Liquidacion As 'Fecha Liquidación' FROM Clientes;
END$$

CREATE DEFINER=`root`@`localhost` PROCEDURE `showDocs` ()  BEGIN
    SELECT D.ID_Documentos As 'Numero de Documento', CONCAT(C.Nombre, " ", C.AP_Paterno, " ", C.AP_Materno) As 'Cliente', 
    D.Tipo, D.Fecha FROM Clientes C, Documentos D WHERE D.ID_Clientes=C.ID_Cliente;
END$$

CREATE DEFINER=`root`@`localhost` PROCEDURE `showGastos` ()  BEGIN
	SELECT G.ID_Gasto 'Numero de Gasto',G.Descripción 'Descripcion del gasto',G.Monto,G.Fecha 'Fecha del Gasto' FROM gastos G;
END$$

CREATE DEFINER=`root`@`localhost` PROCEDURE `showIngresos` ()  BEGIN
	SELECT I.ID_Ingreso 'Numero de Ingreso',I.Descripción 'Descripción de ingreso',I.Monto,I.Fecha FROM Ingresos I;
END$$

CREATE DEFINER=`root`@`localhost` PROCEDURE `showPagos` ()  BEGIN
    SELECT P.ID_Pago As 'Numero de Pago', CONCAT(C.Nombre, " ", C.AP_Paterno, " ", C.AP_Materno) As 'Cliente', P.ID_Nicho As 'Nicho',
    P.Tipo_Nicho As 'Tipo de Nicho', P.Fecha, P.Cantidad FROM Clientes C, Pagos P WHERE P.ID_Cliente=C.ID_Cliente;
END$$

CREATE DEFINER=`root`@`localhost` PROCEDURE `showPiedad` ()  BEGIN
    SELECT ID_Nicho As 'Nicho', ID_Cliente As 'Cliente', Tipo_Nicho As 'Tipo de Nicho', 
    Costo, Estado, CONCAT(Nombre_Dif, " ", AP_Pat_Dif, " ", AP_Mat_Dif) As 'Difunto' 
    FROM Piedad;
END$$

DELIMITER ;

-- --------------------------------------------------------

--
-- Estructura de tabla para la tabla `buen_pastor`
--

CREATE TABLE `buen_pastor` (
  `ID_Nicho` varchar(5) NOT NULL,
  `ID_Cliente` int(11) DEFAULT NULL,
  `Tipo_Nicho` varchar(12) DEFAULT NULL,
  `Costo` decimal(12,2) DEFAULT NULL,
  `Estado` varchar(255) DEFAULT NULL,
  `AP_Pat_Dif` varchar(255) DEFAULT NULL,
  `AP_Mat_Dif` varchar(255) DEFAULT NULL,
  `Nombre_Dif` varchar(255) DEFAULT NULL
) ENGINE=InnoDB DEFAULT CHARSET=utf8;

--
-- Volcado de datos para la tabla `buen_pastor`
--

INSERT INTO `buen_pastor` (`ID_Nicho`, `ID_Cliente`, `Tipo_Nicho`, `Costo`, `Estado`, `AP_Pat_Dif`, `AP_Mat_Dif`, `Nombre_Dif`) VALUES
('A1-1', NULL, 'Normal', NULL, '', '', '', ''),
('A1-2', NULL, 'Normal', NULL, NULL, NULL, NULL, NULL),
('A1-3', NULL, 'Normal', NULL, NULL, NULL, NULL, NULL),
('A1-4', NULL, 'Normal', NULL, NULL, NULL, NULL, NULL),
('A10-1', NULL, 'Normal', NULL, NULL, NULL, NULL, NULL),
('A10-2', NULL, 'Normal', NULL, NULL, NULL, NULL, NULL),
('A10-3', NULL, 'Normal', NULL, NULL, NULL, NULL, NULL),
('A10-4', NULL, 'Normal', NULL, NULL, NULL, NULL, NULL),
('A11-1', NULL, 'Normal', NULL, NULL, NULL, NULL, NULL),
('A11-2', NULL, 'Normal', NULL, NULL, NULL, NULL, NULL),
('A11-3', NULL, 'Normal', NULL, NULL, NULL, NULL, NULL),
('A11-4', NULL, 'Normal', NULL, NULL, NULL, NULL, NULL),
('A12-1', NULL, 'Normal', NULL, NULL, NULL, NULL, NULL),
('A12-2', NULL, 'Normal', NULL, NULL, NULL, NULL, NULL),
('A12-3', NULL, 'Normal', NULL, NULL, NULL, NULL, NULL),
('A12-4', NULL, 'Normal', NULL, NULL, NULL, NULL, NULL),
('A13-1', NULL, 'Normal', NULL, NULL, NULL, NULL, NULL),
('A13-2', NULL, 'Normal', NULL, NULL, NULL, NULL, NULL),
('A13-3', NULL, 'Normal', NULL, NULL, NULL, NULL, NULL),
('A13-4', NULL, 'Normal', NULL, NULL, NULL, NULL, NULL),
('A14-1', NULL, 'Normal', NULL, NULL, NULL, NULL, NULL),
('A14-2', NULL, 'Normal', NULL, NULL, NULL, NULL, NULL),
('A14-3', NULL, 'Normal', NULL, NULL, NULL, NULL, NULL),
('A14-4', NULL, 'Normal', NULL, NULL, NULL, NULL, NULL),
('A2-1', NULL, 'Normal', NULL, NULL, NULL, NULL, NULL),
('A2-2', NULL, 'Normal', NULL, NULL, NULL, NULL, NULL),
('A2-3', NULL, 'Normal', NULL, NULL, NULL, NULL, NULL),
('A2-4', NULL, 'Normal', NULL, NULL, NULL, NULL, NULL),
('A3-1', NULL, 'Normal', NULL, NULL, NULL, NULL, NULL),
('A3-2', NULL, 'Normal', NULL, NULL, NULL, NULL, NULL),
('A3-3', NULL, 'Normal', NULL, NULL, NULL, NULL, NULL),
('A3-4', NULL, 'Normal', NULL, NULL, NULL, NULL, NULL),
('A4-1', NULL, 'Normal', NULL, NULL, NULL, NULL, NULL),
('A4-2', NULL, 'Normal', NULL, NULL, NULL, NULL, NULL),
('A4-3', NULL, 'Normal', NULL, NULL, NULL, NULL, NULL),
('A4-4', NULL, 'Normal', NULL, NULL, NULL, NULL, NULL),
('A5-1', NULL, 'Normal', NULL, NULL, NULL, NULL, NULL),
('A5-2', NULL, 'Normal', NULL, NULL, NULL, NULL, NULL),
('A5-3', NULL, 'Normal', NULL, NULL, NULL, NULL, NULL),
('A5-4', NULL, 'Normal', NULL, NULL, NULL, NULL, NULL),
('A6-1', NULL, 'Normal', NULL, NULL, NULL, NULL, NULL),
('A6-2', NULL, 'Normal', NULL, NULL, NULL, NULL, NULL),
('A6-3', NULL, 'Normal', NULL, NULL, NULL, NULL, NULL),
('A6-4', NULL, 'Normal', NULL, NULL, NULL, NULL, NULL),
('A7-1', NULL, 'Normal', NULL, NULL, NULL, NULL, NULL),
('A7-2', NULL, 'Normal', NULL, NULL, NULL, NULL, NULL),
('A7-3', NULL, 'Normal', NULL, NULL, NULL, NULL, NULL),
('A7-4', NULL, 'Normal', NULL, NULL, NULL, NULL, NULL),
('A8-1', NULL, 'Normal', NULL, NULL, NULL, NULL, NULL),
('A8-2', NULL, 'Normal', NULL, NULL, NULL, NULL, NULL),
('A8-3', NULL, 'Normal', NULL, NULL, NULL, NULL, NULL),
('A8-4', NULL, 'Normal', NULL, NULL, NULL, NULL, NULL),
('A9-1', NULL, 'Normal', NULL, NULL, NULL, NULL, NULL),
('A9-2', NULL, 'Normal', NULL, NULL, NULL, NULL, NULL),
('A9-3', NULL, 'Normal', NULL, NULL, NULL, NULL, NULL),
('A9-4', NULL, 'Normal', NULL, NULL, NULL, NULL, NULL),
('B1-1', NULL, 'Normal', NULL, NULL, NULL, NULL, NULL),
('B1-2', NULL, 'Normal', NULL, NULL, NULL, NULL, NULL),
('B1-3', NULL, 'Normal', NULL, NULL, NULL, NULL, NULL),
('B1-4', NULL, 'Normal', NULL, NULL, NULL, NULL, NULL),
('B10-1', NULL, 'Normal', NULL, NULL, NULL, NULL, NULL),
('B10-2', NULL, 'Normal', NULL, NULL, NULL, NULL, NULL),
('B10-3', NULL, 'Normal', NULL, NULL, NULL, NULL, NULL),
('B10-4', NULL, 'Normal', NULL, NULL, NULL, NULL, NULL),
('B11-1', NULL, 'Normal', NULL, NULL, NULL, NULL, NULL),
('B11-2', NULL, 'Normal', NULL, NULL, NULL, NULL, NULL),
('B11-3', NULL, 'Normal', NULL, NULL, NULL, NULL, NULL),
('B11-4', NULL, 'Normal', NULL, NULL, NULL, NULL, NULL),
('B12-1', NULL, 'Normal', NULL, NULL, NULL, NULL, NULL),
('B12-2', NULL, 'Normal', NULL, NULL, NULL, NULL, NULL),
('B12-3', NULL, 'Normal', NULL, NULL, NULL, NULL, NULL),
('B12-4', NULL, 'Normal', NULL, NULL, NULL, NULL, NULL),
('B13-1', NULL, 'Normal', NULL, NULL, NULL, NULL, NULL),
('B13-2', NULL, 'Normal', NULL, NULL, NULL, NULL, NULL),
('B13-3', NULL, 'Normal', NULL, NULL, NULL, NULL, NULL),
('B13-4', NULL, 'Normal', NULL, NULL, NULL, NULL, NULL),
('B14-1', NULL, 'Normal', NULL, NULL, NULL, NULL, NULL),
('B14-2', NULL, 'Normal', NULL, NULL, NULL, NULL, NULL),
('B14-3', NULL, 'Normal', NULL, NULL, NULL, NULL, NULL),
('B14-4', NULL, 'Normal', NULL, NULL, NULL, NULL, NULL),
('B2-1', NULL, 'Normal', NULL, NULL, NULL, NULL, NULL),
('B2-2', NULL, 'Normal', NULL, NULL, NULL, NULL, NULL),
('B2-3', NULL, 'Normal', NULL, NULL, NULL, NULL, NULL),
('B2-4', NULL, 'Normal', NULL, NULL, NULL, NULL, NULL),
('B3-1', NULL, 'Normal', NULL, NULL, NULL, NULL, NULL),
('B3-2', NULL, 'Normal', NULL, NULL, NULL, NULL, NULL),
('B3-3', NULL, 'Normal', NULL, NULL, NULL, NULL, NULL),
('B3-4', NULL, 'Normal', NULL, NULL, NULL, NULL, NULL),
('B4-1', NULL, 'Normal', NULL, NULL, NULL, NULL, NULL),
('B4-2', NULL, 'Normal', NULL, NULL, NULL, NULL, NULL),
('B4-3', NULL, 'Normal', NULL, NULL, NULL, NULL, NULL),
('B4-4', NULL, 'Normal', NULL, NULL, NULL, NULL, NULL),
('B5-1', NULL, 'Normal', NULL, NULL, NULL, NULL, NULL),
('B5-2', NULL, 'Normal', NULL, NULL, NULL, NULL, NULL),
('B5-3', NULL, 'Normal', NULL, NULL, NULL, NULL, NULL),
('B5-4', NULL, 'Normal', NULL, NULL, NULL, NULL, NULL),
('B6-1', NULL, 'Normal', NULL, NULL, NULL, NULL, NULL),
('B6-2', NULL, 'Normal', NULL, NULL, NULL, NULL, NULL),
('B6-3', NULL, 'Normal', NULL, NULL, NULL, NULL, NULL),
('B6-4', NULL, 'Normal', NULL, NULL, NULL, NULL, NULL),
('B7-1', NULL, 'Normal', NULL, NULL, NULL, NULL, NULL),
('B7-2', NULL, 'Normal', NULL, NULL, NULL, NULL, NULL),
('B7-3', NULL, 'Normal', NULL, NULL, NULL, NULL, NULL),
('B7-4', NULL, 'Normal', NULL, NULL, NULL, NULL, NULL),
('B8-1', NULL, 'Normal', NULL, NULL, NULL, NULL, NULL),
('B8-2', NULL, 'Normal', NULL, NULL, NULL, NULL, NULL),
('B8-3', NULL, 'Normal', NULL, NULL, NULL, NULL, NULL),
('B8-4', NULL, 'Normal', NULL, NULL, NULL, NULL, NULL),
('B9-1', NULL, 'Normal', NULL, NULL, NULL, NULL, NULL),
('B9-2', NULL, 'Normal', NULL, NULL, NULL, NULL, NULL),
('B9-3', NULL, 'Normal', NULL, NULL, NULL, NULL, NULL),
('B9-4', NULL, 'Normal', NULL, NULL, NULL, NULL, NULL),
('C1-1', NULL, 'Normal', NULL, NULL, NULL, NULL, NULL),
('C1-2', NULL, 'Normal', NULL, NULL, NULL, NULL, NULL),
('C1-3', NULL, 'Normal', NULL, NULL, NULL, NULL, NULL),
('C1-4', NULL, 'Normal', NULL, NULL, NULL, NULL, NULL),
('C10-1', NULL, 'Normal', NULL, NULL, NULL, NULL, NULL),
('C10-2', NULL, 'Normal', NULL, NULL, NULL, NULL, NULL),
('C10-3', NULL, 'Normal', NULL, NULL, NULL, NULL, NULL),
('C10-4', NULL, 'Normal', NULL, NULL, NULL, NULL, NULL),
('C11-1', NULL, 'Normal', NULL, NULL, NULL, NULL, NULL),
('C11-2', NULL, 'Normal', NULL, NULL, NULL, NULL, NULL),
('C11-3', NULL, 'Normal', NULL, NULL, NULL, NULL, NULL),
('C11-4', NULL, 'Normal', NULL, NULL, NULL, NULL, NULL),
('C12-1', NULL, 'Normal', NULL, NULL, NULL, NULL, NULL),
('C12-2', NULL, 'Normal', NULL, NULL, NULL, NULL, NULL),
('C12-3', NULL, 'Normal', NULL, NULL, NULL, NULL, NULL),
('C12-4', NULL, 'Normal', NULL, NULL, NULL, NULL, NULL),
('C13-1', NULL, 'Normal', NULL, NULL, NULL, NULL, NULL),
('C13-2', NULL, 'Normal', NULL, NULL, NULL, NULL, NULL),
('C13-3', NULL, 'Normal', NULL, NULL, NULL, NULL, NULL),
('C13-4', NULL, 'Normal', NULL, NULL, NULL, NULL, NULL),
('C14-1', NULL, 'Normal', NULL, NULL, NULL, NULL, NULL),
('C14-2', NULL, 'Normal', NULL, NULL, NULL, NULL, NULL),
('C14-3', NULL, 'Normal', NULL, NULL, NULL, NULL, NULL),
('C14-4', NULL, 'Normal', NULL, NULL, NULL, NULL, NULL),
('C2-1', NULL, 'Normal', NULL, NULL, NULL, NULL, NULL),
('C2-2', NULL, 'Normal', NULL, NULL, NULL, NULL, NULL),
('C2-3', NULL, 'Normal', NULL, NULL, NULL, NULL, NULL),
('C2-4', NULL, 'Normal', NULL, NULL, NULL, NULL, NULL),
('C3-1', NULL, 'Normal', NULL, NULL, NULL, NULL, NULL),
('C3-2', NULL, 'Normal', NULL, NULL, NULL, NULL, NULL),
('C3-3', NULL, 'Normal', NULL, NULL, NULL, NULL, NULL),
('C3-4', NULL, 'Normal', NULL, NULL, NULL, NULL, NULL),
('C4-1', NULL, 'Normal', NULL, NULL, NULL, NULL, NULL),
('C4-2', NULL, 'Normal', NULL, NULL, NULL, NULL, NULL),
('C4-3', NULL, 'Normal', NULL, NULL, NULL, NULL, NULL),
('C4-4', NULL, 'Normal', NULL, NULL, NULL, NULL, NULL),
('C5-1', NULL, 'Normal', NULL, NULL, NULL, NULL, NULL),
('C5-2', NULL, 'Normal', NULL, NULL, NULL, NULL, NULL),
('C5-3', NULL, 'Normal', NULL, NULL, NULL, NULL, NULL),
('C5-4', NULL, 'Normal', NULL, NULL, NULL, NULL, NULL),
('C6-1', NULL, 'Normal', NULL, NULL, NULL, NULL, NULL),
('C6-2', NULL, 'Normal', NULL, NULL, NULL, NULL, NULL),
('C6-3', NULL, 'Normal', NULL, NULL, NULL, NULL, NULL),
('C6-4', NULL, 'Normal', NULL, NULL, NULL, NULL, NULL),
('C7-1', NULL, 'Normal', NULL, NULL, NULL, NULL, NULL),
('C7-2', NULL, 'Normal', NULL, NULL, NULL, NULL, NULL),
('C7-3', NULL, 'Normal', NULL, NULL, NULL, NULL, NULL),
('C7-4', NULL, 'Normal', NULL, NULL, NULL, NULL, NULL),
('C8-1', NULL, 'Normal', NULL, NULL, NULL, NULL, NULL),
('C8-2', NULL, 'Normal', NULL, NULL, NULL, NULL, NULL),
('C8-3', NULL, 'Normal', NULL, NULL, NULL, NULL, NULL),
('C8-4', NULL, 'Normal', NULL, NULL, NULL, NULL, NULL),
('C9-1', NULL, 'Normal', NULL, NULL, NULL, NULL, NULL),
('C9-2', NULL, 'Normal', NULL, NULL, NULL, NULL, NULL),
('C9-3', NULL, 'Normal', NULL, NULL, NULL, NULL, NULL),
('C9-4', NULL, 'Normal', NULL, NULL, NULL, NULL, NULL),
('D1-1', NULL, 'Normal', NULL, NULL, NULL, NULL, NULL),
('D1-2', NULL, 'Normal', NULL, NULL, NULL, NULL, NULL),
('D1-3', NULL, 'Normal', NULL, NULL, NULL, NULL, NULL),
('D1-4', NULL, 'Normal', NULL, NULL, NULL, NULL, NULL),
('D10-1', NULL, 'Imagen', NULL, NULL, NULL, NULL, NULL),
('D10-2', NULL, 'Imagen', NULL, NULL, NULL, NULL, NULL),
('D10-3', NULL, 'Imagen', NULL, NULL, NULL, NULL, NULL),
('D10-4', NULL, 'Imagen', NULL, NULL, NULL, NULL, NULL),
('D11-1', NULL, 'Imagen', NULL, NULL, NULL, NULL, NULL),
('D11-2', NULL, 'Imagen', NULL, NULL, NULL, NULL, NULL),
('D11-3', NULL, 'Imagen', NULL, NULL, NULL, NULL, NULL),
('D11-4', NULL, 'Imagen', NULL, NULL, NULL, NULL, NULL),
('D12-1', NULL, 'Normal', NULL, NULL, NULL, NULL, NULL),
('D12-2', NULL, 'Normal', NULL, NULL, NULL, NULL, NULL),
('D12-3', NULL, 'Normal', NULL, NULL, NULL, NULL, NULL),
('D12-4', NULL, 'Normal', NULL, NULL, NULL, NULL, NULL),
('D13-1', NULL, 'Normal', NULL, NULL, NULL, NULL, NULL),
('D13-2', NULL, 'Normal', NULL, NULL, NULL, NULL, NULL),
('D13-3', NULL, 'Normal', NULL, NULL, NULL, NULL, NULL),
('D13-4', NULL, 'Normal', NULL, NULL, NULL, NULL, NULL),
('D14-1', NULL, 'Normal', NULL, NULL, NULL, NULL, NULL),
('D14-2', NULL, 'Normal', NULL, NULL, NULL, NULL, NULL),
('D14-3', NULL, 'Normal', NULL, NULL, NULL, NULL, NULL),
('D14-4', NULL, 'Normal', NULL, NULL, NULL, NULL, NULL),
('D2-1', NULL, 'Imagen', NULL, NULL, NULL, NULL, NULL),
('D2-2', NULL, 'Imagen', NULL, NULL, NULL, NULL, NULL),
('D2-3', NULL, 'Imagen', NULL, NULL, NULL, NULL, NULL),
('D2-4', NULL, 'Imagen', NULL, NULL, NULL, NULL, NULL),
('D3-1', NULL, 'Imagen', NULL, NULL, NULL, NULL, NULL),
('D3-2', NULL, 'Imagen', NULL, NULL, NULL, NULL, NULL),
('D3-3', NULL, 'Imagen', NULL, NULL, NULL, NULL, NULL),
('D3-4', NULL, 'Imagen', NULL, NULL, NULL, NULL, NULL),
('D4-1', NULL, 'Imagen', NULL, NULL, NULL, NULL, NULL),
('D4-2', NULL, 'Imagen', NULL, NULL, NULL, NULL, NULL),
('D4-3', NULL, 'Imagen', NULL, NULL, NULL, NULL, NULL),
('D4-4', NULL, 'Imagen', NULL, NULL, NULL, NULL, NULL),
('D5-1', NULL, 'Imagen', NULL, NULL, NULL, NULL, NULL),
('D5-2', NULL, 'Imagen', NULL, NULL, NULL, NULL, NULL),
('D5-3', NULL, 'Imagen', NULL, NULL, NULL, NULL, NULL),
('D5-4', NULL, 'Imagen', NULL, NULL, NULL, NULL, NULL),
('D6-1', NULL, 'Imagen', NULL, NULL, NULL, NULL, NULL),
('D6-2', NULL, 'Imagen', NULL, NULL, NULL, NULL, NULL),
('D6-3', NULL, 'Imagen', NULL, NULL, NULL, NULL, NULL),
('D6-4', NULL, 'Imagen', NULL, NULL, NULL, NULL, NULL),
('D7-1', NULL, 'Imagen', NULL, NULL, NULL, NULL, NULL),
('D7-2', NULL, 'Imagen', NULL, NULL, NULL, NULL, NULL),
('D7-3', NULL, 'Imagen', NULL, NULL, NULL, NULL, NULL),
('D7-4', NULL, 'Imagen', NULL, NULL, NULL, NULL, NULL),
('D8-1', NULL, 'Imagen', NULL, NULL, NULL, NULL, NULL),
('D8-2', NULL, 'Imagen', NULL, NULL, NULL, NULL, NULL),
('D8-3', NULL, 'Imagen', NULL, NULL, NULL, NULL, NULL),
('D8-4', NULL, 'Imagen', NULL, NULL, NULL, NULL, NULL),
('D9-1', NULL, 'Imagen', NULL, NULL, NULL, NULL, NULL),
('D9-2', NULL, 'Imagen', NULL, NULL, NULL, NULL, NULL),
('D9-3', NULL, 'Imagen', NULL, NULL, NULL, NULL, NULL),
('D9-4', NULL, 'Imagen', NULL, NULL, NULL, NULL, NULL),
('E1-1', NULL, 'Normal', NULL, NULL, NULL, NULL, NULL),
('E1-2', NULL, 'Normal', NULL, NULL, NULL, NULL, NULL),
('E1-3', NULL, 'Normal', NULL, NULL, NULL, NULL, NULL),
('E1-4', NULL, 'Normal', NULL, NULL, NULL, NULL, NULL),
('E10-1', NULL, 'Imagen', NULL, NULL, NULL, NULL, NULL),
('E10-2', NULL, 'Imagen', NULL, NULL, NULL, NULL, NULL),
('E10-3', NULL, 'Imagen', NULL, NULL, NULL, NULL, NULL),
('E10-4', NULL, 'Imagen', NULL, NULL, NULL, NULL, NULL),
('E11-1', NULL, 'Imagen', NULL, NULL, NULL, NULL, NULL),
('E11-2', NULL, 'Imagen', NULL, NULL, NULL, NULL, NULL),
('E11-3', NULL, 'Imagen', NULL, NULL, NULL, NULL, NULL),
('E11-4', NULL, 'Imagen', NULL, NULL, NULL, NULL, NULL),
('E12-1', NULL, 'Normal', NULL, NULL, NULL, NULL, NULL),
('E12-2', NULL, 'Normal', NULL, NULL, NULL, NULL, NULL),
('E12-3', NULL, 'Normal', NULL, NULL, NULL, NULL, NULL),
('E12-4', NULL, 'Normal', NULL, NULL, NULL, NULL, NULL),
('E13-1', NULL, 'Normal', NULL, NULL, NULL, NULL, NULL),
('E13-2', NULL, 'Normal', NULL, NULL, NULL, NULL, NULL),
('E13-3', NULL, 'Normal', NULL, NULL, NULL, NULL, NULL),
('E13-4', NULL, 'Normal', NULL, NULL, NULL, NULL, NULL),
('E14-1', NULL, 'Normal', NULL, NULL, NULL, NULL, NULL),
('E14-2', NULL, 'Normal', NULL, NULL, NULL, NULL, NULL),
('E14-3', NULL, 'Normal', NULL, NULL, NULL, NULL, NULL),
('E14-4', NULL, 'Normal', NULL, NULL, NULL, NULL, NULL),
('E2-1', NULL, 'Imagen', NULL, NULL, NULL, NULL, NULL),
('E2-2', NULL, 'Imagen', NULL, NULL, NULL, NULL, NULL),
('E2-3', NULL, 'Imagen', NULL, NULL, NULL, NULL, NULL),
('E2-4', NULL, 'Imagen', NULL, NULL, NULL, NULL, NULL),
('E3-1', NULL, 'Imagen', NULL, NULL, NULL, NULL, NULL),
('E3-2', NULL, 'Imagen', NULL, NULL, NULL, NULL, NULL),
('E3-3', NULL, 'Imagen', NULL, NULL, NULL, NULL, NULL),
('E3-4', NULL, 'Imagen', NULL, NULL, NULL, NULL, NULL),
('E4-1', NULL, 'Imagen', NULL, NULL, NULL, NULL, NULL),
('E4-2', NULL, 'Imagen', NULL, NULL, NULL, NULL, NULL),
('E4-3', NULL, 'Imagen', NULL, NULL, NULL, NULL, NULL),
('E4-4', NULL, 'Imagen', NULL, NULL, NULL, NULL, NULL),
('E5-1', NULL, 'Imagen', NULL, NULL, NULL, NULL, NULL),
('E5-2', NULL, 'Imagen', NULL, NULL, NULL, NULL, NULL),
('E5-3', NULL, 'Imagen', NULL, NULL, NULL, NULL, NULL),
('E5-4', NULL, 'Imagen', NULL, NULL, NULL, NULL, NULL),
('E6-1', NULL, 'Imagen', NULL, NULL, NULL, NULL, NULL),
('E6-2', NULL, 'Imagen', NULL, NULL, NULL, NULL, NULL),
('E6-3', NULL, 'Imagen', NULL, NULL, NULL, NULL, NULL),
('E6-4', NULL, 'Imagen', NULL, NULL, NULL, NULL, NULL),
('E7-1', NULL, 'Imagen', NULL, NULL, NULL, NULL, NULL),
('E7-2', NULL, 'Imagen', NULL, NULL, NULL, NULL, NULL),
('E7-3', NULL, 'Imagen', NULL, NULL, NULL, NULL, NULL),
('E7-4', NULL, 'Imagen', NULL, NULL, NULL, NULL, NULL),
('E8-1', NULL, 'Imagen', NULL, NULL, NULL, NULL, NULL),
('E8-2', NULL, 'Imagen', NULL, NULL, NULL, NULL, NULL),
('E8-3', NULL, 'Imagen', NULL, NULL, NULL, NULL, NULL),
('E8-4', NULL, 'Imagen', NULL, NULL, NULL, NULL, NULL),
('E9-1', NULL, 'Imagen', NULL, NULL, NULL, NULL, NULL),
('E9-2', NULL, 'Imagen', NULL, NULL, NULL, NULL, NULL),
('E9-3', NULL, 'Imagen', NULL, NULL, NULL, NULL, NULL),
('E9-4', NULL, 'Imagen', NULL, NULL, NULL, NULL, NULL),
('F1-1', NULL, 'Normal', NULL, NULL, NULL, NULL, NULL),
('F1-2', NULL, 'Normal', NULL, NULL, NULL, NULL, NULL),
('F1-3', NULL, 'Normal', NULL, NULL, NULL, NULL, NULL),
('F1-4', NULL, 'Normal', NULL, NULL, NULL, NULL, NULL),
('F10-1', NULL, 'Imagen', NULL, NULL, NULL, NULL, NULL),
('F10-2', NULL, 'Imagen', NULL, NULL, NULL, NULL, NULL),
('F10-3', NULL, 'Imagen', NULL, NULL, NULL, NULL, NULL),
('F10-4', NULL, 'Imagen', NULL, NULL, NULL, NULL, NULL),
('F11-1', NULL, 'Imagen', NULL, NULL, NULL, NULL, NULL),
('F11-2', NULL, 'Imagen', NULL, NULL, NULL, NULL, NULL),
('F11-3', NULL, 'Imagen', NULL, NULL, NULL, NULL, NULL),
('F11-4', NULL, 'Imagen', NULL, NULL, NULL, NULL, NULL),
('F12-1', NULL, 'Normal', NULL, NULL, NULL, NULL, NULL),
('F12-2', NULL, 'Normal', NULL, NULL, NULL, NULL, NULL),
('F12-3', NULL, 'Normal', NULL, NULL, NULL, NULL, NULL),
('F12-4', NULL, 'Normal', NULL, NULL, NULL, NULL, NULL),
('F13-1', NULL, 'Normal', NULL, NULL, NULL, NULL, NULL),
('F13-2', NULL, 'Normal', NULL, NULL, NULL, NULL, NULL),
('F13-3', NULL, 'Normal', NULL, NULL, NULL, NULL, NULL),
('F13-4', NULL, 'Normal', NULL, NULL, NULL, NULL, NULL),
('F14-1', NULL, 'Normal', NULL, NULL, NULL, NULL, NULL),
('F14-2', NULL, 'Normal', NULL, NULL, NULL, NULL, NULL),
('F14-3', NULL, 'Normal', NULL, NULL, NULL, NULL, NULL),
('F14-4', NULL, 'Normal', NULL, NULL, NULL, NULL, NULL),
('F2-1', NULL, 'Imagen', NULL, NULL, NULL, NULL, NULL),
('F2-2', NULL, 'Imagen', NULL, NULL, NULL, NULL, NULL),
('F2-3', NULL, 'Imagen', NULL, NULL, NULL, NULL, NULL),
('F2-4', NULL, 'Imagen', NULL, NULL, NULL, NULL, NULL),
('F3-1', NULL, 'Imagen', NULL, NULL, NULL, NULL, NULL),
('F3-2', NULL, 'Imagen', NULL, NULL, NULL, NULL, NULL),
('F3-3', NULL, 'Imagen', NULL, NULL, NULL, NULL, NULL),
('F3-4', NULL, 'Imagen', NULL, NULL, NULL, NULL, NULL),
('F4-1', NULL, 'Imagen', NULL, NULL, NULL, NULL, NULL),
('F4-2', NULL, 'Imagen', NULL, NULL, NULL, NULL, NULL),
('F4-3', NULL, 'Imagen', NULL, NULL, NULL, NULL, NULL),
('F4-4', NULL, 'Imagen', NULL, NULL, NULL, NULL, NULL),
('F5-1', NULL, 'Imagen', NULL, NULL, NULL, NULL, NULL),
('F5-2', NULL, 'Imagen', NULL, NULL, NULL, NULL, NULL),
('F5-3', NULL, 'Imagen', NULL, NULL, NULL, NULL, NULL),
('F5-4', NULL, 'Imagen', NULL, NULL, NULL, NULL, NULL),
('F6-1', NULL, 'Imagen', NULL, NULL, NULL, NULL, NULL),
('F6-2', NULL, 'Imagen', NULL, NULL, NULL, NULL, NULL),
('F6-3', NULL, 'Imagen', NULL, NULL, NULL, NULL, NULL),
('F6-4', NULL, 'Imagen', NULL, NULL, NULL, NULL, NULL),
('F7-1', NULL, 'Imagen', NULL, NULL, NULL, NULL, NULL),
('F7-2', NULL, 'Imagen', NULL, NULL, NULL, NULL, NULL),
('F7-3', NULL, 'Imagen', NULL, NULL, NULL, NULL, NULL),
('F7-4', NULL, 'Imagen', NULL, NULL, NULL, NULL, NULL),
('F8-1', NULL, 'Imagen', NULL, NULL, NULL, NULL, NULL),
('F8-2', NULL, 'Imagen', NULL, NULL, NULL, NULL, NULL),
('F8-3', NULL, 'Imagen', NULL, NULL, NULL, NULL, NULL),
('F8-4', NULL, 'Imagen', NULL, NULL, NULL, NULL, NULL),
('F9-1', NULL, 'Imagen', NULL, NULL, NULL, NULL, NULL),
('F9-2', NULL, 'Imagen', NULL, NULL, NULL, NULL, NULL),
('F9-3', NULL, 'Imagen', NULL, NULL, NULL, NULL, NULL),
('F9-4', NULL, 'Imagen', NULL, NULL, NULL, NULL, NULL),
('G1-1', NULL, 'Normal', NULL, NULL, NULL, NULL, NULL),
('G1-2', NULL, 'Normal', NULL, NULL, NULL, NULL, NULL),
('G1-3', NULL, 'Normal', NULL, NULL, NULL, NULL, NULL),
('G1-4', NULL, 'Normal', NULL, NULL, NULL, NULL, NULL),
('G10-1', NULL, 'Imagen', NULL, NULL, NULL, NULL, NULL),
('G10-2', NULL, 'Imagen', NULL, NULL, NULL, NULL, NULL),
('G10-3', NULL, 'Imagen', NULL, NULL, NULL, NULL, NULL),
('G10-4', NULL, 'Imagen', NULL, NULL, NULL, NULL, NULL),
('G11-1', NULL, 'Imagen', NULL, NULL, NULL, NULL, NULL),
('G11-2', NULL, 'Imagen', NULL, NULL, NULL, NULL, NULL),
('G11-3', NULL, 'Imagen', NULL, NULL, NULL, NULL, NULL),
('G11-4', NULL, 'Imagen', NULL, NULL, NULL, NULL, NULL),
('G12-1', NULL, 'Normal', NULL, NULL, NULL, NULL, NULL),
('G12-2', NULL, 'Normal', NULL, NULL, NULL, NULL, NULL),
('G12-3', NULL, 'Normal', NULL, NULL, NULL, NULL, NULL),
('G12-4', NULL, 'Normal', NULL, NULL, NULL, NULL, NULL),
('G13-1', NULL, 'Normal', NULL, NULL, NULL, NULL, NULL),
('G13-2', NULL, 'Normal', NULL, NULL, NULL, NULL, NULL),
('G13-3', NULL, 'Normal', NULL, NULL, NULL, NULL, NULL),
('G13-4', NULL, 'Normal', NULL, NULL, NULL, NULL, NULL),
('G14-1', NULL, 'Normal', NULL, NULL, NULL, NULL, NULL),
('G14-2', NULL, 'Normal', NULL, NULL, NULL, NULL, NULL),
('G14-3', NULL, 'Normal', NULL, NULL, NULL, NULL, NULL),
('G14-4', NULL, 'Normal', NULL, NULL, NULL, NULL, NULL),
('G2-1', NULL, 'Imagen', NULL, NULL, NULL, NULL, NULL),
('G2-2', NULL, 'Imagen', NULL, NULL, NULL, NULL, NULL),
('G2-3', NULL, 'Imagen', NULL, NULL, NULL, NULL, NULL),
('G2-4', NULL, 'Imagen', NULL, NULL, NULL, NULL, NULL),
('G3-1', NULL, 'Imagen', NULL, NULL, NULL, NULL, NULL),
('G3-2', NULL, 'Imagen', NULL, NULL, NULL, NULL, NULL),
('G3-3', NULL, 'Imagen', NULL, NULL, NULL, NULL, NULL),
('G3-4', NULL, 'Imagen', NULL, NULL, NULL, NULL, NULL),
('G4-1', NULL, 'Imagen', NULL, NULL, NULL, NULL, NULL),
('G4-2', NULL, 'Imagen', NULL, NULL, NULL, NULL, NULL),
('G4-3', NULL, 'Imagen', NULL, NULL, NULL, NULL, NULL),
('G4-4', NULL, 'Imagen', NULL, NULL, NULL, NULL, NULL),
('G5-1', NULL, 'Imagen', NULL, NULL, NULL, NULL, NULL),
('G5-2', NULL, 'Imagen', NULL, NULL, NULL, NULL, NULL),
('G5-3', NULL, 'Imagen', NULL, NULL, NULL, NULL, NULL),
('G5-4', NULL, 'Imagen', NULL, NULL, NULL, NULL, NULL),
('G6-1', NULL, 'Imagen', NULL, NULL, NULL, NULL, NULL),
('G6-2', NULL, 'Imagen', NULL, NULL, NULL, NULL, NULL),
('G6-3', NULL, 'Imagen', NULL, NULL, NULL, NULL, NULL),
('G6-4', NULL, 'Imagen', NULL, NULL, NULL, NULL, NULL),
('G7-1', NULL, 'Imagen', NULL, NULL, NULL, NULL, NULL),
('G7-2', NULL, 'Imagen', NULL, NULL, NULL, NULL, NULL),
('G7-3', NULL, 'Imagen', NULL, NULL, NULL, NULL, NULL),
('G7-4', NULL, 'Imagen', NULL, NULL, NULL, NULL, NULL),
('G8-1', NULL, 'Imagen', NULL, NULL, NULL, NULL, NULL),
('G8-2', NULL, 'Imagen', NULL, NULL, NULL, NULL, NULL),
('G8-3', NULL, 'Imagen', NULL, NULL, NULL, NULL, NULL),
('G8-4', NULL, 'Imagen', NULL, NULL, NULL, NULL, NULL),
('G9-1', NULL, 'Imagen', NULL, NULL, NULL, NULL, NULL),
('G9-2', NULL, 'Imagen', NULL, NULL, NULL, NULL, NULL),
('G9-3', NULL, 'Imagen', NULL, NULL, NULL, NULL, NULL),
('G9-4', NULL, 'Imagen', NULL, NULL, NULL, NULL, NULL),
('H1-1', NULL, 'Normal', NULL, NULL, NULL, NULL, NULL),
('H1-2', NULL, 'Normal', NULL, NULL, NULL, NULL, NULL),
('H1-3', NULL, 'Normal', NULL, NULL, NULL, NULL, NULL),
('H1-4', NULL, 'Normal', NULL, NULL, NULL, NULL, NULL),
('H10-1', NULL, 'Imagen', NULL, NULL, NULL, NULL, NULL),
('H10-2', NULL, 'Imagen', NULL, NULL, NULL, NULL, NULL),
('H10-3', NULL, 'Imagen', NULL, NULL, NULL, NULL, NULL),
('H10-4', NULL, 'Imagen', NULL, NULL, NULL, NULL, NULL),
('H11-1', NULL, 'Imagen', NULL, NULL, NULL, NULL, NULL),
('H11-2', NULL, 'Imagen', NULL, NULL, NULL, NULL, NULL),
('H11-3', NULL, 'Imagen', NULL, NULL, NULL, NULL, NULL),
('H11-4', NULL, 'Imagen', NULL, NULL, NULL, NULL, NULL),
('H12-1', NULL, 'Normal', NULL, NULL, NULL, NULL, NULL),
('H12-2', NULL, 'Normal', NULL, NULL, NULL, NULL, NULL),
('H12-3', NULL, 'Normal', NULL, NULL, NULL, NULL, NULL),
('H12-4', NULL, 'Normal', NULL, NULL, NULL, NULL, NULL),
('H13-1', NULL, 'Normal', NULL, NULL, NULL, NULL, NULL),
('H13-2', NULL, 'Normal', NULL, NULL, NULL, NULL, NULL),
('H13-3', NULL, 'Normal', NULL, NULL, NULL, NULL, NULL),
('H13-4', NULL, 'Normal', NULL, NULL, NULL, NULL, NULL),
('H14-1', NULL, 'Normal', NULL, NULL, NULL, NULL, NULL),
('H14-2', NULL, 'Normal', NULL, NULL, NULL, NULL, NULL),
('H14-3', NULL, 'Normal', NULL, NULL, NULL, NULL, NULL),
('H14-4', NULL, 'Normal', NULL, NULL, NULL, NULL, NULL),
('H2-1', NULL, 'Imagen', NULL, NULL, NULL, NULL, NULL),
('H2-2', NULL, 'Imagen', NULL, NULL, NULL, NULL, NULL),
('H2-3', NULL, 'Imagen', NULL, NULL, NULL, NULL, NULL),
('H2-4', NULL, 'Imagen', NULL, NULL, NULL, NULL, NULL),
('H3-1', NULL, 'Imagen', NULL, NULL, NULL, NULL, NULL),
('H3-2', NULL, 'Imagen', NULL, NULL, NULL, NULL, NULL),
('H3-3', NULL, 'Imagen', NULL, NULL, NULL, NULL, NULL),
('H3-4', NULL, 'Imagen', NULL, NULL, NULL, NULL, NULL),
('H4-1', NULL, 'Imagen', NULL, NULL, NULL, NULL, NULL),
('H4-2', NULL, 'Imagen', NULL, NULL, NULL, NULL, NULL),
('H4-3', NULL, 'Imagen', NULL, NULL, NULL, NULL, NULL),
('H4-4', NULL, 'Imagen', NULL, NULL, NULL, NULL, NULL),
('H5-1', NULL, 'Imagen', NULL, NULL, NULL, NULL, NULL),
('H5-2', NULL, 'Imagen', NULL, NULL, NULL, NULL, NULL),
('H5-3', NULL, 'Imagen', NULL, NULL, NULL, NULL, NULL),
('H5-4', NULL, 'Imagen', NULL, NULL, NULL, NULL, NULL),
('H6-1', NULL, 'Imagen', NULL, NULL, NULL, NULL, NULL),
('H6-2', NULL, 'Imagen', NULL, NULL, NULL, NULL, NULL),
('H6-3', NULL, 'Imagen', NULL, NULL, NULL, NULL, NULL),
('H6-4', NULL, 'Imagen', NULL, NULL, NULL, NULL, NULL),
('H7-1', NULL, 'Imagen', NULL, NULL, NULL, NULL, NULL),
('H7-2', NULL, 'Imagen', NULL, NULL, NULL, NULL, NULL),
('H7-3', NULL, 'Imagen', NULL, NULL, NULL, NULL, NULL),
('H7-4', NULL, 'Imagen', NULL, NULL, NULL, NULL, NULL),
('H8-1', NULL, 'Imagen', NULL, NULL, NULL, NULL, NULL),
('H8-2', NULL, 'Imagen', NULL, NULL, NULL, NULL, NULL),
('H8-3', NULL, 'Imagen', NULL, NULL, NULL, NULL, NULL),
('H8-4', NULL, 'Imagen', NULL, NULL, NULL, NULL, NULL),
('H9-1', NULL, 'Imagen', NULL, NULL, NULL, NULL, NULL),
('H9-2', NULL, 'Imagen', NULL, NULL, NULL, NULL, NULL),
('H9-3', NULL, 'Imagen', NULL, NULL, NULL, NULL, NULL),
('H9-4', NULL, 'Imagen', NULL, NULL, NULL, NULL, NULL),
('I1-1', NULL, 'Normal', NULL, NULL, NULL, NULL, NULL),
('I1-2', NULL, 'Normal', NULL, NULL, NULL, NULL, NULL),
('I1-3', NULL, 'Normal', NULL, NULL, NULL, NULL, NULL),
('I1-4', NULL, 'Normal', NULL, NULL, NULL, NULL, NULL),
('I10-1', NULL, 'Imagen', NULL, NULL, NULL, NULL, NULL),
('I10-2', NULL, 'Imagen', NULL, NULL, NULL, NULL, NULL),
('I10-3', NULL, 'Imagen', NULL, NULL, NULL, NULL, NULL),
('I10-4', NULL, 'Imagen', NULL, NULL, NULL, NULL, NULL),
('I11-1', NULL, 'Imagen', NULL, NULL, NULL, NULL, NULL),
('I11-2', NULL, 'Imagen', NULL, NULL, NULL, NULL, NULL),
('I11-3', NULL, 'Imagen', NULL, NULL, NULL, NULL, NULL),
('I11-4', NULL, 'Imagen', NULL, NULL, NULL, NULL, NULL),
('I12-1', NULL, 'Normal', NULL, NULL, NULL, NULL, NULL),
('I12-2', NULL, 'Normal', NULL, NULL, NULL, NULL, NULL),
('I12-3', NULL, 'Normal', NULL, NULL, NULL, NULL, NULL),
('I12-4', NULL, 'Normal', NULL, NULL, NULL, NULL, NULL),
('I13-1', NULL, 'Normal', NULL, NULL, NULL, NULL, NULL),
('I13-2', NULL, 'Normal', NULL, NULL, NULL, NULL, NULL),
('I13-3', NULL, 'Normal', NULL, NULL, NULL, NULL, NULL),
('I13-4', NULL, 'Normal', NULL, NULL, NULL, NULL, NULL),
('I14-1', NULL, 'Normal', NULL, NULL, NULL, NULL, NULL),
('I14-2', NULL, 'Normal', NULL, NULL, NULL, NULL, NULL),
('I14-3', NULL, 'Normal', NULL, NULL, NULL, NULL, NULL),
('I14-4', NULL, 'Normal', NULL, NULL, NULL, NULL, NULL),
('I2-1', NULL, 'Imagen', NULL, NULL, NULL, NULL, NULL),
('I2-2', NULL, 'Imagen', NULL, NULL, NULL, NULL, NULL),
('I2-3', NULL, 'Imagen', NULL, NULL, NULL, NULL, NULL),
('I2-4', NULL, 'Imagen', NULL, NULL, NULL, NULL, NULL),
('I3-1', NULL, 'Imagen', NULL, NULL, NULL, NULL, NULL),
('I3-2', NULL, 'Imagen', NULL, NULL, NULL, NULL, NULL),
('I3-3', NULL, 'Imagen', NULL, NULL, NULL, NULL, NULL),
('I3-4', NULL, 'Imagen', NULL, NULL, NULL, NULL, NULL),
('I4-1', NULL, 'Imagen', NULL, NULL, NULL, NULL, NULL),
('I4-2', NULL, 'Imagen', NULL, NULL, NULL, NULL, NULL),
('I4-3', NULL, 'Imagen', NULL, NULL, NULL, NULL, NULL),
('I4-4', NULL, 'Imagen', NULL, NULL, NULL, NULL, NULL),
('I5-1', NULL, 'Imagen', NULL, NULL, NULL, NULL, NULL),
('I5-2', NULL, 'Imagen', NULL, NULL, NULL, NULL, NULL),
('I5-3', NULL, 'Imagen', NULL, NULL, NULL, NULL, NULL),
('I5-4', NULL, 'Imagen', NULL, NULL, NULL, NULL, NULL),
('I6-1', NULL, 'Imagen', NULL, NULL, NULL, NULL, NULL),
('I6-2', NULL, 'Imagen', NULL, NULL, NULL, NULL, NULL),
('I6-3', NULL, 'Imagen', NULL, NULL, NULL, NULL, NULL),
('I6-4', NULL, 'Imagen', NULL, NULL, NULL, NULL, NULL),
('I7-1', NULL, 'Imagen', NULL, NULL, NULL, NULL, NULL),
('I7-2', NULL, 'Imagen', NULL, NULL, NULL, NULL, NULL),
('I7-3', NULL, 'Imagen', NULL, NULL, NULL, NULL, NULL),
('I7-4', NULL, 'Imagen', NULL, NULL, NULL, NULL, NULL),
('I8-1', NULL, 'Imagen', NULL, NULL, NULL, NULL, NULL),
('I8-2', NULL, 'Imagen', NULL, NULL, NULL, NULL, NULL),
('I8-3', NULL, 'Imagen', NULL, NULL, NULL, NULL, NULL),
('I8-4', NULL, 'Imagen', NULL, NULL, NULL, NULL, NULL),
('I9-1', NULL, 'Imagen', NULL, NULL, NULL, NULL, NULL),
('I9-2', NULL, 'Imagen', NULL, NULL, NULL, NULL, NULL),
('I9-3', NULL, 'Imagen', NULL, NULL, NULL, NULL, NULL),
('I9-4', NULL, 'Imagen', NULL, NULL, NULL, NULL, NULL),
('J1-1', NULL, 'Normal', NULL, NULL, NULL, NULL, NULL),
('J1-2', NULL, 'Normal', NULL, NULL, NULL, NULL, NULL),
('J1-3', NULL, 'Normal', NULL, NULL, NULL, NULL, NULL),
('J1-4', NULL, 'Normal', NULL, NULL, NULL, NULL, NULL),
('J10-1', NULL, 'Imagen', NULL, NULL, NULL, NULL, NULL),
('J10-2', NULL, 'Imagen', NULL, NULL, NULL, NULL, NULL),
('J10-3', NULL, 'Imagen', NULL, NULL, NULL, NULL, NULL),
('J10-4', NULL, 'Imagen', NULL, NULL, NULL, NULL, NULL),
('J11-1', NULL, 'Imagen', NULL, NULL, NULL, NULL, NULL),
('J11-2', NULL, 'Imagen', NULL, NULL, NULL, NULL, NULL),
('J11-3', NULL, 'Imagen', NULL, NULL, NULL, NULL, NULL),
('J11-4', NULL, 'Imagen', NULL, NULL, NULL, NULL, NULL),
('J12-1', NULL, 'Normal', NULL, NULL, NULL, NULL, NULL),
('J12-2', NULL, 'Normal', NULL, NULL, NULL, NULL, NULL),
('J12-3', NULL, 'Normal', NULL, NULL, NULL, NULL, NULL),
('J12-4', NULL, 'Normal', NULL, NULL, NULL, NULL, NULL),
('J13-1', NULL, 'Normal', NULL, NULL, NULL, NULL, NULL),
('J13-2', NULL, 'Normal', NULL, NULL, NULL, NULL, NULL),
('J13-3', NULL, 'Normal', NULL, NULL, NULL, NULL, NULL),
('J13-4', NULL, 'Normal', NULL, NULL, NULL, NULL, NULL),
('J14-1', NULL, 'Normal', NULL, NULL, NULL, NULL, NULL),
('J14-2', NULL, 'Normal', NULL, NULL, NULL, NULL, NULL),
('J14-3', NULL, 'Normal', NULL, NULL, NULL, NULL, NULL),
('J14-4', NULL, 'Normal', NULL, NULL, NULL, NULL, NULL),
('J2-1', NULL, 'Imagen', NULL, NULL, NULL, NULL, NULL),
('J2-2', NULL, 'Imagen', NULL, NULL, NULL, NULL, NULL),
('J2-3', NULL, 'Imagen', NULL, NULL, NULL, NULL, NULL),
('J2-4', NULL, 'Imagen', NULL, NULL, NULL, NULL, NULL),
('J3-1', NULL, 'Imagen', NULL, NULL, NULL, NULL, NULL),
('J3-2', NULL, 'Imagen', NULL, NULL, NULL, NULL, NULL),
('J3-3', NULL, 'Imagen', NULL, NULL, NULL, NULL, NULL),
('J3-4', NULL, 'Imagen', NULL, NULL, NULL, NULL, NULL),
('J4-1', NULL, 'Imagen', NULL, NULL, NULL, NULL, NULL),
('J4-2', NULL, 'Imagen', NULL, NULL, NULL, NULL, NULL),
('J4-3', NULL, 'Imagen', NULL, NULL, NULL, NULL, NULL),
('J4-4', NULL, 'Imagen', NULL, NULL, NULL, NULL, NULL),
('J5-1', NULL, 'Imagen', NULL, NULL, NULL, NULL, NULL),
('J5-2', NULL, 'Imagen', NULL, NULL, NULL, NULL, NULL),
('J5-3', NULL, 'Imagen', NULL, NULL, NULL, NULL, NULL),
('J5-4', NULL, 'Imagen', NULL, NULL, NULL, NULL, NULL),
('J6-1', NULL, 'Imagen', NULL, NULL, NULL, NULL, NULL),
('J6-2', NULL, 'Imagen', NULL, NULL, NULL, NULL, NULL),
('J6-3', NULL, 'Imagen', NULL, NULL, NULL, NULL, NULL),
('J6-4', NULL, 'Imagen', NULL, NULL, NULL, NULL, NULL),
('J7-1', NULL, 'Imagen', NULL, NULL, NULL, NULL, NULL),
('J7-2', NULL, 'Imagen', NULL, NULL, NULL, NULL, NULL),
('J7-3', NULL, 'Imagen', NULL, NULL, NULL, NULL, NULL),
('J7-4', NULL, 'Imagen', NULL, NULL, NULL, NULL, NULL),
('J8-1', NULL, 'Imagen', NULL, NULL, NULL, NULL, NULL),
('J8-2', NULL, 'Imagen', NULL, NULL, NULL, NULL, NULL),
('J8-3', NULL, 'Imagen', NULL, NULL, NULL, NULL, NULL),
('J8-4', NULL, 'Imagen', NULL, NULL, NULL, NULL, NULL),
('J9-1', NULL, 'Imagen', NULL, NULL, NULL, NULL, NULL),
('J9-2', NULL, 'Imagen', NULL, NULL, NULL, NULL, NULL),
('J9-3', NULL, 'Imagen', NULL, NULL, NULL, NULL, NULL),
('J9-4', NULL, 'Imagen', NULL, NULL, NULL, NULL, NULL),
('K1-1', NULL, 'Normal', NULL, NULL, NULL, NULL, NULL),
('K1-2', NULL, 'Normal', NULL, NULL, NULL, NULL, NULL),
('K1-3', NULL, 'Normal', NULL, NULL, NULL, NULL, NULL),
('K1-4', NULL, 'Normal', NULL, NULL, NULL, NULL, NULL),
('K10-1', NULL, 'Imagen', NULL, NULL, NULL, NULL, NULL),
('K10-2', NULL, 'Imagen', NULL, NULL, NULL, NULL, NULL),
('K10-3', NULL, 'Imagen', NULL, NULL, NULL, NULL, NULL),
('K10-4', NULL, 'Imagen', NULL, NULL, NULL, NULL, NULL),
('K11-1', NULL, 'Imagen', NULL, NULL, NULL, NULL, NULL),
('K11-2', NULL, 'Imagen', NULL, NULL, NULL, NULL, NULL),
('K11-3', NULL, 'Imagen', NULL, NULL, NULL, NULL, NULL),
('K11-4', NULL, 'Imagen', NULL, NULL, NULL, NULL, NULL),
('K12-1', NULL, 'Normal', NULL, NULL, NULL, NULL, NULL),
('K12-2', NULL, 'Normal', NULL, NULL, NULL, NULL, NULL),
('K12-3', NULL, 'Normal', NULL, NULL, NULL, NULL, NULL),
('K12-4', NULL, 'Normal', NULL, NULL, NULL, NULL, NULL),
('K13-1', NULL, 'Normal', NULL, NULL, NULL, NULL, NULL),
('K13-2', NULL, 'Normal', NULL, NULL, NULL, NULL, NULL),
('K13-3', NULL, 'Normal', NULL, NULL, NULL, NULL, NULL),
('K13-4', NULL, 'Normal', NULL, NULL, NULL, NULL, NULL),
('K14-1', NULL, 'Normal', NULL, NULL, NULL, NULL, NULL),
('K14-2', NULL, 'Normal', NULL, NULL, NULL, NULL, NULL),
('K14-3', NULL, 'Normal', NULL, NULL, NULL, NULL, NULL),
('K14-4', NULL, 'Normal', NULL, NULL, NULL, NULL, NULL),
('K2-1', NULL, 'Imagen', NULL, NULL, NULL, NULL, NULL),
('K2-2', NULL, 'Imagen', NULL, NULL, NULL, NULL, NULL),
('K2-3', NULL, 'Imagen', NULL, NULL, NULL, NULL, NULL),
('K2-4', NULL, 'Imagen', NULL, NULL, NULL, NULL, NULL),
('K3-1', NULL, 'Imagen', NULL, NULL, NULL, NULL, NULL),
('K3-2', NULL, 'Imagen', NULL, NULL, NULL, NULL, NULL),
('K3-3', NULL, 'Imagen', NULL, NULL, NULL, NULL, NULL),
('K3-4', NULL, 'Imagen', NULL, NULL, NULL, NULL, NULL),
('K4-1', NULL, 'Imagen', NULL, NULL, NULL, NULL, NULL),
('K4-2', NULL, 'Imagen', NULL, NULL, NULL, NULL, NULL),
('K4-3', NULL, 'Imagen', NULL, NULL, NULL, NULL, NULL),
('K4-4', NULL, 'Imagen', NULL, NULL, NULL, NULL, NULL),
('K5-1', NULL, 'Imagen', NULL, NULL, NULL, NULL, NULL),
('K5-2', NULL, 'Imagen', NULL, NULL, NULL, NULL, NULL),
('K5-3', NULL, 'Imagen', NULL, NULL, NULL, NULL, NULL),
('K5-4', NULL, 'Imagen', NULL, NULL, NULL, NULL, NULL),
('K6-1', NULL, 'Imagen', NULL, NULL, NULL, NULL, NULL),
('K6-2', NULL, 'Imagen', NULL, NULL, NULL, NULL, NULL),
('K6-3', NULL, 'Imagen', NULL, NULL, NULL, NULL, NULL),
('K6-4', NULL, 'Imagen', NULL, NULL, NULL, NULL, NULL),
('K7-1', NULL, 'Imagen', NULL, NULL, NULL, NULL, NULL),
('K7-2', NULL, 'Imagen', NULL, NULL, NULL, NULL, NULL),
('K7-3', NULL, 'Imagen', NULL, NULL, NULL, NULL, NULL),
('K7-4', NULL, 'Imagen', NULL, NULL, NULL, NULL, NULL),
('K8-1', NULL, 'Imagen', NULL, NULL, NULL, NULL, NULL),
('K8-2', NULL, 'Imagen', NULL, NULL, NULL, NULL, NULL),
('K8-3', NULL, 'Imagen', NULL, NULL, NULL, NULL, NULL),
('K8-4', NULL, 'Imagen', NULL, NULL, NULL, NULL, NULL),
('K9-1', NULL, 'Imagen', NULL, NULL, NULL, NULL, NULL),
('K9-2', NULL, 'Imagen', NULL, NULL, NULL, NULL, NULL),
('K9-3', NULL, 'Imagen', NULL, NULL, NULL, NULL, NULL),
('K9-4', NULL, 'Imagen', NULL, NULL, NULL, NULL, NULL),
('L1-1', NULL, 'Normal', NULL, NULL, NULL, NULL, NULL),
('L1-2', NULL, 'Normal', NULL, NULL, NULL, NULL, NULL),
('L1-3', NULL, 'Normal', NULL, NULL, NULL, NULL, NULL),
('L1-4', NULL, 'Normal', NULL, NULL, NULL, NULL, NULL),
('L10-1', NULL, 'Normal', NULL, NULL, NULL, NULL, NULL),
('L10-2', NULL, 'Normal', NULL, NULL, NULL, NULL, NULL),
('L10-3', NULL, 'Normal', NULL, NULL, NULL, NULL, NULL),
('L10-4', NULL, 'Normal', NULL, NULL, NULL, NULL, NULL),
('L11-1', NULL, 'Normal', NULL, NULL, NULL, NULL, NULL),
('L11-2', NULL, 'Normal', NULL, NULL, NULL, NULL, NULL),
('L11-3', NULL, 'Normal', NULL, NULL, NULL, NULL, NULL),
('L11-4', NULL, 'Normal', NULL, NULL, NULL, NULL, NULL),
('L12-1', NULL, 'Normal', NULL, NULL, NULL, NULL, NULL),
('L12-2', NULL, 'Normal', NULL, NULL, NULL, NULL, NULL),
('L12-3', NULL, 'Normal', NULL, NULL, NULL, NULL, NULL),
('L12-4', NULL, 'Normal', NULL, NULL, NULL, NULL, NULL),
('L13-1', NULL, 'Normal', NULL, NULL, NULL, NULL, NULL),
('L13-2', NULL, 'Normal', NULL, NULL, NULL, NULL, NULL),
('L13-3', NULL, 'Normal', NULL, NULL, NULL, NULL, NULL),
('L13-4', NULL, 'Normal', NULL, NULL, NULL, NULL, NULL),
('L14-1', NULL, 'Normal', NULL, NULL, NULL, NULL, NULL),
('L14-2', NULL, 'Normal', NULL, NULL, NULL, NULL, NULL),
('L14-3', NULL, 'Normal', NULL, NULL, NULL, NULL, NULL),
('L14-4', NULL, 'Normal', NULL, NULL, NULL, NULL, NULL),
('L2-1', NULL, 'Normal', NULL, NULL, NULL, NULL, NULL),
('L2-2', NULL, 'Normal', NULL, NULL, NULL, NULL, NULL),
('L2-3', NULL, 'Normal', NULL, NULL, NULL, NULL, NULL),
('L2-4', NULL, 'Normal', NULL, NULL, NULL, NULL, NULL),
('L3-1', NULL, 'Normal', NULL, NULL, NULL, NULL, NULL),
('L3-2', NULL, 'Normal', NULL, NULL, NULL, NULL, NULL),
('L3-3', NULL, 'Normal', NULL, NULL, NULL, NULL, NULL),
('L3-4', NULL, 'Normal', NULL, NULL, NULL, NULL, NULL),
('L4-1', NULL, 'Normal', NULL, NULL, NULL, NULL, NULL),
('L4-2', NULL, 'Normal', NULL, NULL, NULL, NULL, NULL),
('L4-3', NULL, 'Normal', NULL, NULL, NULL, NULL, NULL),
('L4-4', NULL, 'Normal', NULL, NULL, NULL, NULL, NULL),
('L5-1', NULL, 'Normal', NULL, NULL, NULL, NULL, NULL),
('L5-2', NULL, 'Normal', NULL, NULL, NULL, NULL, NULL),
('L5-3', NULL, 'Normal', NULL, NULL, NULL, NULL, NULL),
('L5-4', NULL, 'Normal', NULL, NULL, NULL, NULL, NULL),
('L6-1', NULL, 'Normal', NULL, NULL, NULL, NULL, NULL),
('L6-2', NULL, 'Normal', NULL, NULL, NULL, NULL, NULL),
('L6-3', NULL, 'Normal', NULL, NULL, NULL, NULL, NULL),
('L6-4', NULL, 'Normal', NULL, NULL, NULL, NULL, NULL),
('L7-1', NULL, 'Normal', NULL, NULL, NULL, NULL, NULL),
('L7-2', NULL, 'Normal', NULL, NULL, NULL, NULL, NULL),
('L7-3', NULL, 'Normal', NULL, NULL, NULL, NULL, NULL),
('L7-4', NULL, 'Normal', NULL, NULL, NULL, NULL, NULL),
('L8-1', NULL, 'Normal', NULL, NULL, NULL, NULL, NULL),
('L8-2', NULL, 'Normal', NULL, NULL, NULL, NULL, NULL),
('L8-3', NULL, 'Normal', NULL, NULL, NULL, NULL, NULL),
('L8-4', NULL, 'Normal', NULL, NULL, NULL, NULL, NULL),
('L9-1', NULL, 'Normal', NULL, NULL, NULL, NULL, NULL),
('L9-2', NULL, 'Normal', NULL, NULL, NULL, NULL, NULL),
('L9-3', NULL, 'Normal', NULL, NULL, NULL, NULL, NULL),
('L9-4', NULL, 'Normal', NULL, NULL, NULL, NULL, NULL),
('M1-1', NULL, 'Normal', NULL, NULL, NULL, NULL, NULL),
('M1-2', NULL, 'Normal', NULL, NULL, NULL, NULL, NULL),
('M1-3', NULL, 'Normal', NULL, NULL, NULL, NULL, NULL),
('M1-4', NULL, 'Normal', NULL, NULL, NULL, NULL, NULL),
('M10-1', NULL, 'Normal', NULL, NULL, NULL, NULL, NULL),
('M10-2', NULL, 'Normal', NULL, NULL, NULL, NULL, NULL),
('M10-3', NULL, 'Normal', NULL, NULL, NULL, NULL, NULL),
('M10-4', NULL, 'Normal', NULL, NULL, NULL, NULL, NULL),
('M11-1', NULL, 'Normal', NULL, NULL, NULL, NULL, NULL),
('M11-2', NULL, 'Normal', NULL, NULL, NULL, NULL, NULL),
('M11-3', NULL, 'Normal', NULL, NULL, NULL, NULL, NULL),
('M11-4', NULL, 'Normal', NULL, NULL, NULL, NULL, NULL),
('M12-1', NULL, 'Normal', NULL, NULL, NULL, NULL, NULL),
('M12-2', NULL, 'Normal', NULL, NULL, NULL, NULL, NULL),
('M12-3', NULL, 'Normal', NULL, NULL, NULL, NULL, NULL),
('M12-4', NULL, 'Normal', NULL, NULL, NULL, NULL, NULL),
('M13-1', NULL, 'Normal', NULL, NULL, NULL, NULL, NULL),
('M13-2', NULL, 'Normal', NULL, NULL, NULL, NULL, NULL),
('M13-3', NULL, 'Normal', NULL, NULL, NULL, NULL, NULL),
('M13-4', NULL, 'Normal', NULL, NULL, NULL, NULL, NULL),
('M14-1', NULL, 'Normal', NULL, NULL, NULL, NULL, NULL),
('M14-2', NULL, 'Normal', NULL, NULL, NULL, NULL, NULL),
('M14-3', NULL, 'Normal', NULL, NULL, NULL, NULL, NULL),
('M14-4', NULL, 'Normal', NULL, NULL, NULL, NULL, NULL),
('M2-1', NULL, 'Normal', NULL, NULL, NULL, NULL, NULL),
('M2-2', NULL, 'Normal', NULL, NULL, NULL, NULL, NULL),
('M2-3', NULL, 'Normal', NULL, NULL, NULL, NULL, NULL),
('M2-4', NULL, 'Normal', NULL, NULL, NULL, NULL, NULL),
('M3-1', NULL, 'Normal', NULL, NULL, NULL, NULL, NULL),
('M3-2', NULL, 'Normal', NULL, NULL, NULL, NULL, NULL),
('M3-3', NULL, 'Normal', NULL, NULL, NULL, NULL, NULL),
('M3-4', NULL, 'Normal', NULL, NULL, NULL, NULL, NULL),
('M4-1', NULL, 'Normal', NULL, NULL, NULL, NULL, NULL),
('M4-2', NULL, 'Normal', NULL, NULL, NULL, NULL, NULL),
('M4-3', NULL, 'Normal', NULL, NULL, NULL, NULL, NULL),
('M4-4', NULL, 'Normal', NULL, NULL, NULL, NULL, NULL),
('M5-1', NULL, 'Normal', NULL, NULL, NULL, NULL, NULL),
('M5-2', NULL, 'Normal', NULL, NULL, NULL, NULL, NULL),
('M5-3', NULL, 'Normal', NULL, NULL, NULL, NULL, NULL),
('M5-4', NULL, 'Normal', NULL, NULL, NULL, NULL, NULL),
('M6-1', NULL, 'Normal', NULL, NULL, NULL, NULL, NULL),
('M6-2', NULL, 'Normal', NULL, NULL, NULL, NULL, NULL),
('M6-3', NULL, 'Normal', NULL, NULL, NULL, NULL, NULL),
('M6-4', NULL, 'Normal', NULL, NULL, NULL, NULL, NULL),
('M7-1', NULL, 'Normal', NULL, NULL, NULL, NULL, NULL),
('M7-2', NULL, 'Normal', NULL, NULL, NULL, NULL, NULL),
('M7-3', NULL, 'Normal', NULL, NULL, NULL, NULL, NULL),
('M7-4', NULL, 'Normal', NULL, NULL, NULL, NULL, NULL),
('M8-1', NULL, 'Normal', NULL, NULL, NULL, NULL, NULL),
('M8-2', NULL, 'Normal', NULL, NULL, NULL, NULL, NULL),
('M8-3', NULL, 'Normal', NULL, NULL, NULL, NULL, NULL),
('M8-4', NULL, 'Normal', NULL, NULL, NULL, NULL, NULL),
('M9-1', NULL, 'Normal', NULL, NULL, NULL, NULL, NULL),
('M9-2', NULL, 'Normal', NULL, NULL, NULL, NULL, NULL),
('M9-3', NULL, 'Normal', NULL, NULL, NULL, NULL, NULL),
('M9-4', NULL, 'Normal', NULL, NULL, NULL, NULL, NULL),
('N1-1', NULL, 'Normal', NULL, NULL, NULL, NULL, NULL),
('N1-2', NULL, 'Normal', NULL, NULL, NULL, NULL, NULL),
('N1-3', NULL, 'Normal', NULL, NULL, NULL, NULL, NULL),
('N1-4', NULL, 'Normal', NULL, NULL, NULL, NULL, NULL),
('N10-1', NULL, 'Normal', NULL, NULL, NULL, NULL, NULL),
('N10-2', NULL, 'Normal', NULL, NULL, NULL, NULL, NULL),
('N10-3', NULL, 'Normal', NULL, NULL, NULL, NULL, NULL),
('N10-4', NULL, 'Normal', NULL, NULL, NULL, NULL, NULL),
('N11-1', NULL, 'Normal', NULL, NULL, NULL, NULL, NULL),
('N11-2', NULL, 'Normal', NULL, NULL, NULL, NULL, NULL),
('N11-3', NULL, 'Normal', NULL, NULL, NULL, NULL, NULL),
('N11-4', NULL, 'Normal', NULL, NULL, NULL, NULL, NULL),
('N12-1', NULL, 'Normal', NULL, NULL, NULL, NULL, NULL),
('N12-2', NULL, 'Normal', NULL, NULL, NULL, NULL, NULL),
('N12-3', NULL, 'Normal', NULL, NULL, NULL, NULL, NULL),
('N12-4', NULL, 'Normal', NULL, NULL, NULL, NULL, NULL),
('N13-1', NULL, 'Normal', NULL, NULL, NULL, NULL, NULL),
('N13-2', NULL, 'Normal', NULL, NULL, NULL, NULL, NULL),
('N13-3', NULL, 'Normal', NULL, NULL, NULL, NULL, NULL),
('N13-4', NULL, 'Normal', NULL, NULL, NULL, NULL, NULL),
('N14-1', NULL, 'Normal', NULL, NULL, NULL, NULL, NULL),
('N14-2', NULL, 'Normal', NULL, NULL, NULL, NULL, NULL),
('N14-3', NULL, 'Normal', NULL, NULL, NULL, NULL, NULL),
('N14-4', NULL, 'Normal', NULL, NULL, NULL, NULL, NULL),
('N2-1', NULL, 'Normal', NULL, NULL, NULL, NULL, NULL),
('N2-2', NULL, 'Normal', NULL, NULL, NULL, NULL, NULL),
('N2-3', NULL, 'Normal', NULL, NULL, NULL, NULL, NULL),
('N2-4', NULL, 'Normal', NULL, NULL, NULL, NULL, NULL),
('N3-1', NULL, 'Normal', NULL, NULL, NULL, NULL, NULL),
('N3-2', NULL, 'Normal', NULL, NULL, NULL, NULL, NULL),
('N3-3', NULL, 'Normal', NULL, NULL, NULL, NULL, NULL),
('N3-4', NULL, 'Normal', NULL, NULL, NULL, NULL, NULL),
('N4-1', NULL, 'Normal', NULL, NULL, NULL, NULL, NULL),
('N4-2', NULL, 'Normal', NULL, NULL, NULL, NULL, NULL),
('N4-3', NULL, 'Normal', NULL, NULL, NULL, NULL, NULL),
('N4-4', NULL, 'Normal', NULL, NULL, NULL, NULL, NULL),
('N5-1', NULL, 'Normal', NULL, NULL, NULL, NULL, NULL),
('N5-2', NULL, 'Normal', NULL, NULL, NULL, NULL, NULL),
('N5-3', NULL, 'Normal', NULL, NULL, NULL, NULL, NULL),
('N5-4', NULL, 'Normal', NULL, NULL, NULL, NULL, NULL),
('N6-1', NULL, 'Normal', NULL, NULL, NULL, NULL, NULL),
('N6-2', NULL, 'Normal', NULL, NULL, NULL, NULL, NULL),
('N6-3', NULL, 'Normal', NULL, NULL, NULL, NULL, NULL),
('N6-4', NULL, 'Normal', NULL, NULL, NULL, NULL, NULL),
('N7-1', NULL, 'Normal', NULL, NULL, NULL, NULL, NULL),
('N7-2', NULL, 'Normal', NULL, NULL, NULL, NULL, NULL),
('N7-3', NULL, 'Normal', NULL, NULL, NULL, NULL, NULL),
('N7-4', NULL, 'Normal', NULL, NULL, NULL, NULL, NULL),
('N8-1', NULL, 'Normal', NULL, NULL, NULL, NULL, NULL),
('N8-2', NULL, 'Normal', NULL, NULL, NULL, NULL, NULL),
('N8-3', NULL, 'Normal', NULL, NULL, NULL, NULL, NULL),
('N8-4', NULL, 'Normal', NULL, NULL, NULL, NULL, NULL),
('N9-1', NULL, 'Normal', NULL, NULL, NULL, NULL, NULL),
('N9-2', NULL, 'Normal', NULL, NULL, NULL, NULL, NULL),
('N9-3', NULL, 'Normal', NULL, NULL, NULL, NULL, NULL),
('N9-4', NULL, 'Normal', NULL, NULL, NULL, NULL, NULL);

-- --------------------------------------------------------

--
-- Estructura de tabla para la tabla `clientes`
--

CREATE TABLE `clientes` (
  `ID_Cliente` int(11) NOT NULL,
  `ID_Nicho` varchar(12) DEFAULT NULL,
  `Lado` varchar(12) DEFAULT NULL,
  `AP_Paterno` varchar(25) DEFAULT NULL,
  `AP_Materno` varchar(25) DEFAULT NULL,
  `Nombre` varchar(25) DEFAULT NULL,
  `Fecha_Apertura` date DEFAULT NULL,
  `Fecha_Liquidacion` date DEFAULT NULL,
  `Calle` varchar(40) DEFAULT NULL,
  `Numero` int(20) DEFAULT NULL,
  `Colonia` varchar(40) DEFAULT NULL,
  `Ciudad` varchar(40) DEFAULT NULL,
  `Codigo_Postal` int(20) DEFAULT NULL,
  `Teléfono` bigint(20) DEFAULT NULL,
  `Saldo` decimal(12,2) DEFAULT NULL,
  `Ben1` varchar(45) DEFAULT NULL,
  `Ben1_Par` varchar(25) DEFAULT NULL,
  `Ben2` varchar(45) DEFAULT NULL,
  `Ben2_Par` varchar(25) DEFAULT NULL,
  `Forma_Pago` varchar(40) DEFAULT NULL
) ENGINE=InnoDB DEFAULT CHARSET=utf8;

--
-- Volcado de datos para la tabla `clientes`
--

INSERT INTO `clientes` (`ID_Cliente`, `ID_Nicho`, `Lado`, `AP_Paterno`, `AP_Materno`, `Nombre`, `Fecha_Apertura`, `Fecha_Liquidacion`, `Calle`, `Numero`, `Colonia`, `Ciudad`, `Codigo_Postal`, `Teléfono`, `Saldo`, `Ben1`, `Ben1_Par`, `Ben2`, `Ben2_Par`, `Forma_Pago`) VALUES
(1, 'C8', 'Derecho', 'Lopez ', NULL, 'Miguel Angel', '2016-03-02', NULL, NULL, NULL, NULL, NULL, NULL, 6361109668, NULL, 'Maria Judith Medrano', NULL, 'Fatima Berenice', NULL, '0.00'),
(2, 'D12', 'Derecho', 'Acosta', NULL, 'Ruben', '2015-06-16', NULL, NULL, NULL, NULL, NULL, NULL, 63611668735, NULL, NULL, NULL, NULL, NULL, NULL),
(3, 'D3', 'Derecho', 'Bautista', NULL, 'Alonso', '2017-10-03', NULL, NULL, NULL, NULL, NULL, NULL, 6366990651, NULL, NULL, NULL, NULL, NULL, NULL),
(4, 'D4', 'Derecho', 'Carreon ', NULL, 'Gerardo', '2014-03-06', NULL, NULL, NULL, NULL, NULL, NULL, 0, NULL, NULL, NULL, NULL, NULL, NULL),
(5, 'D8 ', 'Derecho', 'Valdez', NULL, 'Alejandra', '2014-09-20', NULL, NULL, NULL, NULL, NULL, NULL, 0, NULL, NULL, NULL, NULL, NULL, NULL),
(6, 'D9', 'Derecho', 'Mendoza', NULL, 'José', '2016-12-06', NULL, NULL, NULL, NULL, NULL, NULL, 6366990058, NULL, NULL, NULL, NULL, NULL, NULL),
(7, 'E12', 'Derecho', 'Acosta', NULL, 'Servando', '2015-06-16', NULL, NULL, NULL, NULL, NULL, NULL, 0, NULL, NULL, NULL, NULL, NULL, NULL),
(8, 'E3', 'Derecho', 'Bautista', NULL, 'Marissa', '2015-05-19', NULL, NULL, NULL, NULL, NULL, NULL, 6361168735, NULL, NULL, NULL, NULL, NULL, NULL),
(9, 'F12', 'Derecho', 'Carballo', NULL, 'Ana ', '2014-12-16', NULL, NULL, NULL, NULL, NULL, NULL, 6361047974, NULL, NULL, NULL, NULL, NULL, NULL),
(10, 'F3', 'Derecho', 'Jeffers', NULL, 'Chiquis', '2017-09-06', NULL, NULL, NULL, NULL, NULL, NULL, 6361037998, NULL, NULL, NULL, NULL, NULL, NULL),
(11, 'F5', 'Derecho', 'Benavides', NULL, 'Guadalupe', '2013-11-01', NULL, NULL, NULL, NULL, NULL, NULL, 6361049673, NULL, NULL, NULL, NULL, NULL, NULL),
(12, 'F6', 'Derecho', 'Villanueva', NULL, 'Manuela', '2014-03-22', NULL, NULL, NULL, NULL, NULL, NULL, 0, NULL, NULL, NULL, NULL, NULL, NULL),
(13, 'F7', 'Derecho', 'Payan', NULL, 'Jesus Maria', '2014-03-04', NULL, NULL, NULL, NULL, NULL, NULL, 0, NULL, NULL, NULL, NULL, NULL, NULL),
(14, 'F8', 'Derecho', 'Prieto', NULL, 'Eduardo', NULL, NULL, NULL, NULL, NULL, NULL, NULL, 6941920, NULL, NULL, NULL, NULL, NULL, NULL),
(15, 'F9', 'Derecho', 'Orozco Benavides', NULL, 'Fam.', '2013-09-14', NULL, NULL, NULL, NULL, NULL, NULL, 0, NULL, NULL, NULL, NULL, NULL, NULL),
(16, 'G5', 'Derecho', 'Villa ', NULL, 'Andra', '2016-10-27', NULL, NULL, NULL, NULL, NULL, NULL, 0, NULL, NULL, NULL, NULL, NULL, NULL),
(17, 'G6', 'Derecho', 'D\'Gyves', NULL, 'Maria del Carmen', NULL, NULL, NULL, NULL, NULL, NULL, NULL, 6361001577, NULL, NULL, NULL, NULL, NULL, NULL),
(18, 'G7', 'Derecho', 'Lopez ', NULL, 'Marco Antonio ', '2017-08-15', NULL, NULL, NULL, NULL, NULL, NULL, 6946422, NULL, 'Fabiola Peña Fierro', NULL, 'Marco Antonio Lopez Peña', NULL, NULL),
(19, 'G8', 'Derecho', 'Ochoa', NULL, 'Ana   ', '2015-03-03', NULL, NULL, NULL, NULL, NULL, NULL, 6940959, NULL, NULL, NULL, NULL, NULL, NULL),
(20, 'G9', 'Derecho', 'Stege', NULL, 'Carolina', '2016-01-23', NULL, NULL, NULL, NULL, NULL, NULL, 6361037840, NULL, NULL, NULL, NULL, NULL, NULL),
(21, 'H10', 'Derecho', 'Harrison', NULL, 'Beatriz', '2015-06-01', NULL, NULL, NULL, NULL, NULL, NULL, 6361166988, NULL, NULL, NULL, NULL, NULL, NULL),
(22, 'H5 ', 'Derecho', 'Flores ', NULL, 'Silvia', '2016-08-06', NULL, NULL, NULL, NULL, NULL, NULL, 0, NULL, NULL, NULL, NULL, NULL, NULL),
(23, 'H6', 'Derecho', 'Prieto', NULL, 'Yesenia', '2017-06-08', NULL, NULL, NULL, NULL, NULL, NULL, 6361117202, NULL, NULL, NULL, NULL, NULL, NULL),
(24, 'H7', 'Derecho', 'Barajas', NULL, 'Juan', '2015-11-23', NULL, NULL, NULL, NULL, NULL, NULL, 6944152, NULL, NULL, NULL, NULL, NULL, NULL),
(25, 'H8', 'Derecho', 'Solis', NULL, 'Jorge', '2014-02-11', NULL, NULL, NULL, NULL, NULL, NULL, 6366991014, NULL, NULL, NULL, NULL, NULL, NULL),
(26, 'H9', 'Derecho', 'Terraza', NULL, 'Irma', '2016-08-24', NULL, NULL, NULL, NULL, NULL, NULL, 6361099109, NULL, NULL, NULL, NULL, NULL, NULL),
(27, 'I10', 'Derecho', 'Gallegos', NULL, 'Josefina', '2016-12-08', NULL, NULL, NULL, NULL, NULL, NULL, 6941928, NULL, NULL, NULL, NULL, NULL, NULL),
(28, 'I3', 'Derecho', 'Prieto', NULL, 'Lichita', '2016-03-09', NULL, NULL, NULL, NULL, NULL, NULL, 0, NULL, NULL, NULL, NULL, NULL, NULL),
(29, 'I5', 'Derecho', 'Vega', NULL, 'Thelma', '2015-11-15', NULL, NULL, NULL, NULL, NULL, NULL, 6361152062, NULL, NULL, NULL, NULL, NULL, NULL),
(30, 'I7', 'Derecho', 'Magaña', NULL, 'Olivia', '2014-01-11', NULL, NULL, NULL, NULL, NULL, NULL, 6361212278, NULL, NULL, NULL, NULL, NULL, NULL),
(31, 'I8', 'Derecho', 'Lopez', NULL, 'Salvador', '2016-09-29', NULL, NULL, NULL, NULL, NULL, NULL, 0, NULL, NULL, NULL, NULL, NULL, NULL),
(32, 'I9', 'Derecho', 'Bautista', NULL, 'Jesus  ', '2016-03-14', NULL, NULL, NULL, NULL, NULL, NULL, 6943904, NULL, NULL, NULL, NULL, NULL, NULL),
(33, 'J1', 'Derecho', 'Cruz', NULL, 'Ana Maria', '2017-05-03', NULL, NULL, NULL, NULL, NULL, NULL, 6361109733, NULL, NULL, NULL, NULL, NULL, NULL),
(34, 'J10', 'Derecho', 'Ramirez', NULL, 'Benito', '2016-12-02', NULL, NULL, NULL, NULL, NULL, NULL, 63648806, NULL, NULL, NULL, NULL, NULL, NULL),
(35, 'J11', 'Derecho', 'Acosta', NULL, 'Veronica', '2014-06-11', NULL, NULL, NULL, NULL, NULL, NULL, 6361109120, NULL, NULL, NULL, NULL, NULL, NULL),
(36, 'J12', 'Derecho', 'Cuevas', NULL, 'Francisco Javier', '2017-09-14', NULL, NULL, NULL, NULL, NULL, NULL, 0, NULL, NULL, NULL, NULL, NULL, NULL),
(37, 'J5', 'Derecho', 'Prieto', NULL, 'Maria Francisca', '2017-08-14', NULL, NULL, NULL, NULL, NULL, NULL, 6940583, NULL, 'Erika Maria Saenz Prieto', NULL, 'Victor Luis Saenz Prieto', NULL, NULL),
(38, 'J7', 'Derecho', 'Dominguez', NULL, 'Antonio', '2017-08-04', NULL, NULL, NULL, NULL, NULL, NULL, 6366991214, NULL, 'Oscar Antonio Dominguez Andazola', NULL, 'Beatriz Elena Dominguez Andazola', NULL, NULL),
(39, 'J8', 'Derecho', 'Vazquez', NULL, 'Gabriela', '2016-02-20', NULL, NULL, NULL, NULL, NULL, NULL, 6144372848, NULL, NULL, NULL, NULL, NULL, NULL),
(40, 'J9', 'Derecho', 'Hinojos', NULL, 'Marcela', '2017-09-11', NULL, NULL, NULL, NULL, NULL, NULL, 0, NULL, NULL, NULL, NULL, NULL, NULL),
(41, 'K10', 'Derecho', 'Varela', NULL, 'Guadalupe', '2013-12-04', NULL, NULL, NULL, NULL, NULL, NULL, 0, NULL, NULL, NULL, NULL, NULL, NULL),
(42, 'L10', 'Derecho', 'Vega', NULL, 'Jesus Alberto', '2017-08-01', NULL, NULL, NULL, NULL, NULL, NULL, 6944377, NULL, 'Guadalupe Virginia  Solis', NULL, 'Denisse Vega Solis', NULL, NULL),
(43, 'L11', 'Derecho', 'Torres', NULL, 'Luz Elena', '2017-07-19', NULL, NULL, NULL, NULL, NULL, NULL, 6361041322, NULL, 'Jose Manuel Vizcano', NULL, 'Melissa Vizcano Flores', NULL, NULL),
(44, 'L8', 'Derecho', 'Gomez', NULL, 'Alberto', '2014-09-01', NULL, NULL, NULL, NULL, NULL, NULL, 602773940920, NULL, NULL, NULL, NULL, NULL, NULL),
(45, 'N1-1P', 'Derecho', 'Saens', NULL, 'Braulio', '2014-03-19', NULL, NULL, NULL, NULL, NULL, NULL, 6361126602, NULL, NULL, NULL, NULL, NULL, NULL),
(46, 'N2-1P', 'Derecho', 'Martinez', NULL, 'Agapita', '2014-05-19', NULL, NULL, NULL, NULL, NULL, NULL, 0, NULL, NULL, NULL, NULL, NULL, NULL),
(47, 'N6-1P', 'Derecho', 'Nava', NULL, 'Sara', '2015-12-29', NULL, NULL, NULL, NULL, NULL, NULL, 6361126001, NULL, NULL, NULL, NULL, NULL, NULL),
(48, 'N7-1P', 'Derecho', 'Manrriquez', NULL, 'Maria Elena', '2017-08-28', NULL, NULL, NULL, NULL, NULL, NULL, 6361156068, NULL, NULL, NULL, NULL, NULL, NULL),
(49, 'N7-2P', 'Derecho', 'Thayne', NULL, 'Armando', '2014-11-20', NULL, NULL, NULL, NULL, NULL, NULL, 6361096088, NULL, NULL, NULL, NULL, NULL, NULL),
(50, 'N8-1P', 'Derecho', 'Juarez', NULL, 'Rosa linda', '2015-06-29', NULL, NULL, NULL, NULL, NULL, NULL, 6944152, NULL, NULL, NULL, NULL, NULL, NULL),
(51, 'N8-2P', 'Derecho', 'Juarez', NULL, 'Rosa linda', '2015-06-29', NULL, NULL, NULL, NULL, NULL, NULL, 6940458, NULL, NULL, NULL, NULL, NULL, NULL),
(52, 'NE', 'Derecho', 'Holguin ', NULL, 'Anais', '2017-10-09', NULL, NULL, NULL, NULL, NULL, NULL, 6361045284, NULL, NULL, NULL, NULL, NULL, NULL),
(53, 'NE', 'Derecho', 'Holguin ', NULL, 'Anais', '2017-10-09', NULL, NULL, NULL, NULL, NULL, NULL, 6361045284, NULL, NULL, NULL, NULL, NULL, NULL),
(54, 'E8', 'Derecho', 'Rodriguez', NULL, 'Marco Antonio ', NULL, NULL, NULL, NULL, NULL, NULL, NULL, 0, NULL, NULL, NULL, NULL, NULL, NULL),
(55, 'N3-1P', 'Derecho', 'Soto', NULL, 'Leticia', '2014-06-24', NULL, NULL, NULL, NULL, NULL, NULL, 0, NULL, NULL, NULL, NULL, NULL, NULL);

-- --------------------------------------------------------

--
-- Estructura de tabla para la tabla `documentos`
--

CREATE TABLE `documentos` (
  `ID_Documentos` int(11) NOT NULL,
  `ID_Clientes` int(11) DEFAULT NULL,
  `Tipo` varchar(255) DEFAULT NULL,
  `Fecha` date DEFAULT NULL,
  `Ruta` varchar(255) DEFAULT NULL
) ENGINE=InnoDB DEFAULT CHARSET=utf8;

-- --------------------------------------------------------

--
-- Estructura de tabla para la tabla `gastos`
--

CREATE TABLE `gastos` (
  `ID_Gasto` int(11) NOT NULL,
  `Descripción` varchar(25) DEFAULT NULL,
  `Monto` decimal(12,2) NOT NULL,
  `Fecha` date DEFAULT NULL
) ENGINE=InnoDB DEFAULT CHARSET=utf8;

--
-- Volcado de datos para la tabla `gastos`
--

INSERT INTO `gastos` (`ID_Gasto`, `Descripción`, `Monto`, `Fecha`) VALUES
(1, 'Gasto de material', '97.00', NULL),
(2, 'Gasto de material', '250.00', NULL),
(3, 'Gasto Mausuleum', '100000.00', NULL),
(4, 'Gasto Mausuleum', '20000.00', NULL),
(5, 'Gasto Mausuleum', '20000.00', NULL),
(6, 'Gasto Mausuleum', '20000.00', NULL),
(7, 'Gasto Mausuleum', '20000.00', NULL),
(8, 'Gasto Mausuleum', '20000.00', NULL),
(9, 'Gasto Mausuleum', '20000.00', NULL),
(10, 'Gasto Mausuleum', '20000.00', NULL),
(11, 'Gasto Mausuleum', '20000.00', NULL),
(12, 'Gasto Mausuleum', '20000.00', NULL),
(13, 'Gasto Mausuleum', '20000.00', NULL),
(14, 'Gasto Mausuleum', '19119.00', NULL),
(15, 'Gasto Mausuleum', '100000.00', NULL),
(16, 'Gasto Mausuleum', '20000.00', NULL),
(17, 'Gasto Mausuleum', '20000.00', NULL),
(18, 'Gasto Mausuleum', '13500.00', NULL),
(19, 'Gasto Mausuleum', '37500.00', NULL),
(20, 'Gasto Mausuleum', '20000.00', NULL),
(21, 'Gasto Mausuleum', '21500.00', NULL),
(22, 'Gasto Mausuleum', '12500.00', NULL),
(23, 'Gasto Mausuleum', '15200.00', NULL),
(24, 'Gasto Mausuleum', '5000.00', NULL),
(25, 'Gasto Mausuleum', '9260.00', NULL),
(26, 'Gasto papeleria', '300.00', NULL),
(27, 'Gasto placas', '10900.00', NULL),
(28, 'Gasto publicidad', '1210.00', NULL),
(29, 'Gasto publicidad', '230.00', NULL),
(30, 'Cristina Escarzega', '30670.00', NULL),
(31, 'Cristina Escarzega', '47300.00', NULL),
(32, 'Cristina Escarzega', '120000.00', NULL),
(33, 'Cristina Escarzega', '40000.00', NULL),
(34, 'Cristina Escarzega', '27700.00', NULL),
(35, 'Cristina Escarzega', '22400.00', NULL),
(36, 'Cristina Escarzega', '7500.00', NULL),
(37, 'Cristina Escarzega', '25000.00', NULL);

-- --------------------------------------------------------

--
-- Estructura de tabla para la tabla `ingresos`
--

CREATE TABLE `ingresos` (
  `ID_Ingreso` int(11) NOT NULL,
  `Descripción` varchar(25) DEFAULT NULL,
  `Monto` decimal(12,2) NOT NULL,
  `Fecha` date DEFAULT NULL
) ENGINE=InnoDB DEFAULT CHARSET=utf8;

--
-- Volcado de datos para la tabla `ingresos`
--

INSERT INTO `ingresos` (`ID_Ingreso`, `Descripción`, `Monto`, `Fecha`) VALUES
(1, 'Cristina Escarzega', '32000.00', NULL);

-- --------------------------------------------------------

--
-- Estructura de tabla para la tabla `pagos`
--

CREATE TABLE `pagos` (
  `ID_Pago` int(11) NOT NULL,
  `ID_Cliente` int(11) NOT NULL,
  `ID_Nicho` varchar(5) DEFAULT NULL,
  `Tipo_Nicho` varchar(255) DEFAULT NULL,
  `Fecha` date DEFAULT NULL,
  `Cantidad` decimal(12,2) NOT NULL
) ENGINE=InnoDB DEFAULT CHARSET=utf8;

--
-- Volcado de datos para la tabla `pagos`
--

INSERT INTO `pagos` (`ID_Pago`, `ID_Cliente`, `ID_Nicho`, `Tipo_Nicho`, `Fecha`, `Cantidad`) VALUES
(1, 1, 'C8', NULL, NULL, '1000.00'),
(2, 1, 'C8', NULL, NULL, '1000.00'),
(3, 1, 'C8', NULL, NULL, '1000.00'),
(4, 1, 'C8', NULL, NULL, '1000.00'),
(5, 1, 'C8', NULL, NULL, '2000.00'),
(6, 1, 'C8', NULL, NULL, '1500.00'),
(7, 1, 'C8', NULL, NULL, '1000.00'),
(8, 1, 'C8', NULL, NULL, '1000.00'),
(9, 1, 'C8', NULL, NULL, '1000.00'),
(10, 2, 'D12', NULL, NULL, '1000.00'),
(11, 2, 'D12', NULL, NULL, '1000.00'),
(12, 2, 'D12', NULL, NULL, '1000.00'),
(13, 2, 'D12', NULL, NULL, '1000.00'),
(14, 2, 'D12', NULL, NULL, '1000.00'),
(15, 2, 'D12', NULL, NULL, '1000.00'),
(16, 2, 'D12', NULL, NULL, '1000.00'),
(17, 2, 'D12', NULL, NULL, '1000.00'),
(18, 2, 'D12', NULL, NULL, '1000.00'),
(19, 2, 'D12', NULL, NULL, '1000.00'),
(20, 2, 'D12', NULL, NULL, '1000.00'),
(21, 2, 'D12', NULL, NULL, '1000.00'),
(22, 2, 'D12', NULL, NULL, '2000.00'),
(23, 2, 'D12', NULL, NULL, '1000.00'),
(24, 2, 'D12', NULL, NULL, '2000.00'),
(25, 2, 'D12', NULL, NULL, '1000.00'),
(26, 2, 'D12', NULL, NULL, '2000.00'),
(27, 3, 'D3', NULL, NULL, '1000.00'),
(28, 3, 'D3', NULL, NULL, '1000.00'),
(29, 3, 'D3', NULL, NULL, '1000.00'),
(30, 3, 'D3', NULL, NULL, '1000.00'),
(31, 3, 'D3', NULL, NULL, '1000.00'),
(32, 3, 'D3', NULL, NULL, '500.00'),
(33, 3, 'D3', NULL, NULL, '500.00'),
(34, 3, 'D3', NULL, NULL, '1000.00'),
(35, 3, 'D3', NULL, NULL, '500.00'),
(36, 3, 'D3', NULL, NULL, '2000.00'),
(37, 3, 'D3', NULL, NULL, '500.00'),
(38, 3, 'D3', NULL, NULL, '500.00'),
(39, 3, 'D3', NULL, NULL, '500.00'),
(40, 3, 'D3', NULL, NULL, '500.00'),
(41, 3, 'D3', NULL, NULL, '1500.00'),
(42, 3, 'D3', NULL, NULL, '500.00'),
(43, 3, 'D3', NULL, NULL, '500.00'),
(44, 4, 'D4', NULL, NULL, '5000.00'),
(45, 4, 'D4', NULL, NULL, '5400.00'),
(46, 4, 'D4', NULL, NULL, '4600.00'),
(47, 4, 'D4', NULL, NULL, '5000.00'),
(48, 5, 'D8', NULL, NULL, '5000.00'),
(49, 5, 'D8', NULL, NULL, '5000.00'),
(50, 5, 'D8', NULL, NULL, '4500.00'),
(51, 5, 'D8', NULL, NULL, '5000.00'),
(52, 5, 'D8', NULL, NULL, '500.00'),
(53, 6, 'D9', NULL, NULL, '3000.00'),
(54, 6, 'D9', NULL, NULL, '2000.00'),
(55, 6, 'D9', NULL, NULL, '5000.00'),
(56, 6, 'D9', NULL, NULL, '10000.00'),
(57, 7, 'E12', NULL, NULL, '1000.00'),
(58, 7, 'E12', NULL, NULL, '1000.00'),
(59, 7, 'E12', NULL, NULL, '1000.00'),
(60, 7, 'E12', NULL, NULL, '1000.00'),
(61, 7, 'E12', NULL, NULL, '1000.00'),
(62, 7, 'E12', NULL, NULL, '1000.00'),
(63, 7, 'E12', NULL, NULL, '1000.00'),
(64, 7, 'E12', NULL, NULL, '1000.00'),
(65, 7, 'E12', NULL, NULL, '1000.00'),
(66, 7, 'E12', NULL, NULL, '1000.00'),
(67, 7, 'E12', NULL, NULL, '1000.00'),
(68, 7, 'E12', NULL, NULL, '1000.00'),
(69, 7, 'E12', NULL, NULL, '1000.00'),
(70, 7, 'E12', NULL, NULL, '4000.00'),
(71, 7, 'E12', NULL, NULL, '1000.00'),
(72, 7, 'E12', NULL, NULL, '2000.00'),
(73, 8, 'E3', NULL, NULL, '1000.00'),
(74, 8, 'E3', NULL, NULL, '1000.00'),
(75, 8, 'E3', NULL, NULL, '3000.00'),
(76, 8, 'E3', NULL, NULL, '1000.00'),
(77, 8, 'E3', NULL, NULL, '4000.00'),
(78, 8, 'E3', NULL, NULL, '10000.00'),
(79, 54, 'E8', NULL, NULL, '20000.00'),
(80, 9, 'F12', NULL, NULL, '1000.00'),
(81, 9, 'F12', NULL, NULL, '1000.00'),
(82, 9, 'F12', NULL, NULL, '1000.00'),
(83, 9, 'F12', NULL, NULL, '2000.00'),
(84, 9, 'F12', NULL, NULL, '1000.00'),
(85, 9, 'F12', NULL, NULL, '1000.00'),
(86, 9, 'F12', NULL, NULL, '3000.00'),
(87, 9, 'F12', NULL, NULL, '1000.00'),
(88, 9, 'F12', NULL, NULL, '1000.00'),
(89, 10, 'F3', NULL, NULL, '5000.00'),
(90, 10, 'F3', NULL, NULL, '10000.00'),
(91, 11, 'F5', NULL, NULL, '10000.00'),
(92, 11, 'F5', NULL, NULL, '10000.00'),
(93, 12, 'F6', NULL, NULL, '20000.00'),
(94, 13, 'F7', NULL, NULL, '4000.00'),
(95, 13, 'F7', NULL, NULL, '4000.00'),
(96, 13, 'F7', NULL, NULL, '4000.00'),
(97, 13, 'F7', NULL, NULL, '4000.00'),
(98, 13, 'F7', NULL, NULL, '4000.00'),
(99, 14, 'F8', NULL, NULL, '20000.00'),
(100, 15, 'F9', NULL, NULL, '20000.00'),
(101, 16, 'G5', NULL, NULL, '5000.00'),
(102, 16, 'G5', NULL, NULL, '5000.00'),
(103, 16, 'G5', NULL, NULL, '5000.00'),
(104, 16, 'G5', NULL, NULL, '5000.00'),
(105, 17, 'G6', NULL, NULL, '20000.00'),
(106, 18, 'G7', NULL, NULL, '1000.00'),
(107, 18, 'G7', NULL, NULL, '2500.00'),
(108, 18, 'G7', NULL, NULL, '1500.00'),
(109, 18, 'G7', NULL, NULL, '1500.00'),
(110, 18, 'G7', NULL, NULL, '1000.00'),
(111, 18, 'G7', NULL, NULL, '1000.00'),
(112, 18, 'G7', NULL, NULL, '1000.00'),
(113, 18, 'G7', NULL, NULL, '1000.00'),
(114, 18, 'G7', NULL, NULL, '2000.00'),
(115, 18, 'G7', NULL, NULL, '1000.00'),
(116, 18, 'G7', NULL, NULL, '1000.00'),
(117, 18, 'G7', NULL, NULL, '1000.00'),
(118, 19, 'G8', NULL, NULL, '1000.00'),
(119, 19, 'G8', NULL, NULL, '4000.00'),
(120, 19, 'G8', NULL, NULL, '5000.00'),
(121, 19, 'G8', NULL, NULL, '5000.00'),
(122, 19, 'G8', NULL, NULL, '2500.00'),
(123, 19, 'G8', NULL, NULL, '2500.00'),
(124, 20, 'G9', NULL, NULL, '20000.00'),
(125, 21, 'H10', NULL, NULL, '10000.00'),
(126, 21, 'H10', NULL, NULL, '5000.00'),
(127, 21, 'H10', NULL, NULL, '5000.00'),
(128, 22, 'H5', NULL, NULL, '5000.00'),
(129, 22, 'H5', NULL, NULL, '5000.00'),
(130, 22, 'H5', NULL, NULL, '5000.00'),
(131, 22, 'H5', NULL, NULL, '5000.00'),
(132, 23, 'H6', NULL, NULL, '1000.00'),
(133, 23, 'H6', NULL, NULL, '1000.00'),
(134, 23, 'H6', NULL, NULL, '1000.00'),
(135, 23, 'H6', NULL, NULL, '1000.00'),
(136, 23, 'H6', NULL, NULL, '2000.00'),
(137, 23, 'H6', NULL, NULL, '1000.00'),
(138, 23, 'H6', NULL, NULL, '1000.00'),
(139, 23, 'H6', NULL, NULL, '1000.00'),
(140, 23, 'H6', NULL, NULL, '1000.00'),
(141, 23, 'H6', NULL, NULL, '1000.00'),
(142, 23, 'H6', NULL, NULL, '2000.00'),
(143, 23, 'H6', NULL, NULL, '1000.00'),
(144, 23, 'H6', NULL, NULL, '1000.00'),
(145, 23, 'H6', NULL, NULL, '2000.00'),
(146, 23, 'H6', NULL, NULL, '3000.00'),
(147, 24, 'H7', NULL, NULL, '5000.00'),
(148, 24, 'H7', NULL, NULL, '11000.00'),
(149, 24, 'H7', NULL, NULL, '3000.00'),
(150, 24, 'H7', NULL, NULL, '1000.00'),
(151, 25, 'H8', NULL, NULL, '3000.00'),
(152, 25, 'H8', NULL, NULL, '5000.00'),
(153, 25, 'H8', NULL, NULL, '2000.00'),
(154, 25, 'H8', NULL, NULL, '4000.00'),
(155, 25, 'H8', NULL, NULL, '2000.00'),
(156, 25, 'H8', NULL, NULL, '1000.00'),
(157, 25, 'H8', NULL, NULL, '3000.00'),
(158, 26, 'H9', NULL, NULL, '5000.00'),
(159, 26, 'H9', NULL, NULL, '5000.00'),
(160, 26, 'H9', NULL, NULL, '10000.00'),
(161, 27, 'I10', NULL, NULL, '20000.00'),
(162, 28, 'I3', NULL, NULL, '1000.00'),
(163, 28, 'I3', NULL, NULL, '5000.00'),
(164, 28, 'I3', NULL, NULL, '3000.00'),
(165, 28, 'I3', NULL, NULL, '11000.00'),
(166, 29, 'I5', NULL, NULL, '20000.00'),
(167, 30, 'I7', NULL, NULL, '8000.00'),
(168, 30, 'I7', NULL, NULL, '2000.00'),
(169, 30, 'I7', NULL, NULL, '3000.00'),
(170, 30, 'I7', NULL, NULL, '3000.00'),
(171, 30, 'I7', NULL, NULL, '2000.00'),
(172, 30, 'I7', NULL, NULL, '2000.00'),
(173, 31, 'I8', NULL, NULL, '20000.00'),
(174, 32, 'I9', NULL, NULL, '5000.00'),
(175, 32, 'I9', NULL, NULL, '10000.00'),
(176, 32, 'I9', NULL, NULL, '5000.00'),
(177, 33, 'J1', NULL, NULL, '5000.00'),
(178, 33, 'J1', NULL, NULL, '2000.00'),
(179, 33, 'J1', NULL, NULL, '1000.00'),
(180, 33, 'J1', NULL, NULL, '2000.00'),
(181, 33, 'J1', NULL, NULL, '5000.00'),
(182, 33, 'J1', NULL, NULL, '2000.00'),
(183, 33, 'J1', NULL, NULL, '2000.00'),
(184, 33, 'J1', NULL, NULL, '1000.00'),
(185, 34, 'J10', NULL, NULL, '5000.00'),
(186, 34, 'J10', NULL, NULL, '5000.00'),
(187, 34, 'J10', NULL, NULL, '10000.00'),
(188, 35, 'J11', NULL, NULL, '10000.00'),
(189, 35, 'J11', NULL, NULL, '10000.00'),
(190, 36, 'J12', NULL, NULL, '1000.00'),
(191, 36, 'J12', NULL, NULL, '1000.00'),
(192, 36, 'J12', NULL, NULL, '1000.00'),
(193, 36, 'J12', NULL, NULL, '1000.00'),
(194, 36, 'J12', NULL, NULL, '1000.00'),
(195, 36, 'J12', NULL, NULL, '1000.00'),
(196, 36, 'J12', NULL, NULL, '1000.00'),
(197, 36, 'J12', NULL, NULL, '1000.00'),
(198, 36, 'J12', NULL, NULL, '1000.00'),
(199, 36, 'J12', NULL, NULL, '1000.00'),
(200, 36, 'J12', NULL, NULL, '1000.00'),
(201, 36, 'J12', NULL, NULL, '1000.00'),
(202, 37, 'J5', NULL, NULL, '5000.00'),
(203, 37, 'J5', NULL, NULL, '10000.00'),
(204, 38, 'J7', NULL, NULL, '5000.00'),
(205, 38, 'J7', NULL, NULL, '5000.00'),
(206, 38, 'J7', NULL, NULL, '10000.00'),
(207, 39, 'J8', NULL, NULL, '7000.00'),
(208, 39, 'J8', NULL, NULL, '8000.00'),
(209, 39, 'J8', NULL, NULL, '1000.00'),
(210, 39, 'J8', NULL, NULL, '1500.00'),
(211, 39, 'J8', NULL, NULL, '1000.00'),
(212, 39, 'J8', NULL, NULL, '1500.00'),
(213, 41, 'K10', NULL, NULL, '3200.00'),
(214, 41, 'K10', NULL, NULL, '1200.00'),
(215, 41, 'K10', NULL, NULL, '1500.00'),
(216, 41, 'K10', NULL, NULL, '2000.00'),
(217, 41, 'K10', NULL, NULL, '2000.00'),
(218, 41, 'K10', NULL, NULL, '1400.00'),
(219, 41, 'K10', NULL, NULL, '1200.00'),
(220, 41, 'K10', NULL, NULL, '1400.00'),
(221, 41, 'K10', NULL, NULL, '2100.00'),
(222, 41, 'K10', NULL, NULL, '2000.00'),
(223, 41, 'K10', NULL, NULL, '2000.00'),
(224, 42, 'L10', NULL, NULL, '1000.00'),
(225, 42, 'L10', NULL, NULL, '1000.00'),
(226, 42, 'L10', NULL, NULL, '3000.00'),
(227, 42, 'L10', NULL, NULL, '1000.00'),
(228, 42, 'L10', NULL, NULL, '1000.00'),
(229, 42, 'L10', NULL, NULL, '1000.00'),
(230, 42, 'L10', NULL, NULL, '1000.00'),
(231, 42, 'L10', NULL, NULL, '1000.00'),
(232, 42, 'L10', NULL, NULL, '2000.00'),
(233, 42, 'L10', NULL, NULL, '2000.00'),
(234, 42, 'L10', NULL, NULL, '1000.00'),
(235, 42, 'L10', NULL, NULL, '1000.00'),
(236, 42, 'L10', NULL, NULL, '1000.00'),
(237, 43, 'L11', NULL, NULL, '5500.00'),
(238, 43, 'L11', NULL, NULL, '4500.00'),
(239, 43, 'L11', NULL, NULL, '2000.00'),
(240, 43, 'L11', NULL, NULL, '1000.00'),
(241, 43, 'L11', NULL, NULL, '2000.00'),
(242, 43, 'L11', NULL, NULL, '2000.00'),
(243, 44, 'L8', NULL, NULL, '5000.00'),
(244, 44, 'L8', NULL, NULL, '5000.00'),
(245, 44, 'L8', NULL, NULL, '5000.00'),
(246, 44, 'L8', NULL, NULL, '5000.00'),
(247, 45, 'N1-1P', NULL, NULL, '3500.00'),
(248, 45, 'N1-1P', NULL, NULL, '2700.00'),
(249, 45, 'N1-1P', NULL, NULL, '800.00'),
(250, 46, 'N2-1', NULL, NULL, '3500.00'),
(251, 46, 'N2-1', NULL, NULL, '3500.00'),
(252, 55, 'N3-1P', NULL, NULL, '6000.00'),
(253, 47, 'N6-1P', NULL, NULL, '7000.00'),
(254, 48, 'N7-1P', NULL, NULL, '3000.00'),
(255, 48, 'N7-1P', NULL, NULL, '1000.00'),
(256, 48, 'N7-1P', NULL, NULL, '2000.00'),
(257, 48, 'N7-1P', NULL, NULL, '1000.00'),
(258, 49, 'N7-2P', NULL, NULL, '1000.00'),
(259, 49, 'N7-2P', NULL, NULL, '1000.00'),
(260, 49, 'N7-2P', NULL, NULL, '1000.00'),
(261, 49, 'N7-2P', NULL, NULL, '4000.00'),
(262, 50, 'N8-1P', NULL, NULL, '12500.00'),
(263, 51, 'N8-2P', NULL, NULL, '1500.00'),
(264, 52, 'PEN', NULL, NULL, '2500.00'),
(265, 53, 'PEN', NULL, NULL, '2500.00'),
(266, 52, 'PEN', NULL, NULL, '1000.00'),
(267, 53, 'PEN', NULL, NULL, '1000.00'),
(268, 52, 'pen', NULL, NULL, '1000.00'),
(269, 53, 'pen', NULL, NULL, '1000.00'),
(270, 52, 'pen', NULL, NULL, '1000.00'),
(271, 53, 'pen', NULL, NULL, '1000.00'),
(272, 40, 'J9', NULL, NULL, '20000.00');

--
-- Disparadores `pagos`
--
DELIMITER $$
CREATE TRIGGER `saldoUpdate` AFTER INSERT ON `pagos` FOR EACH ROW BEGIN
	UPDATE Clientes SET SALDO=(SALDO-NEW.Cantidad);
END
$$
DELIMITER ;
DELIMITER $$
CREATE TRIGGER `saldoUpdateAfterUpdate` AFTER UPDATE ON `pagos` FOR EACH ROW BEGIN
	UPDATE clientes SET SALDO=(SALDO+OLD.Cantidad);
    UPDATE clientes SET SALDO=(SALDO-NEW.Cantidad);
END
$$
DELIMITER ;

-- --------------------------------------------------------

--
-- Estructura de tabla para la tabla `piedad`
--

CREATE TABLE `piedad` (
  `ID_Nicho` varchar(12) COLLATE utf8_unicode_ci NOT NULL,
  `ID_Cliente` int(11) DEFAULT NULL,
  `Tipo_Nicho` varchar(12) COLLATE utf8_unicode_ci NOT NULL,
  `Costo` decimal(12,2) NOT NULL,
  `Estado` varchar(25) COLLATE utf8_unicode_ci DEFAULT NULL,
  `AP_Pat_Dif` varchar(25) COLLATE utf8_unicode_ci DEFAULT NULL,
  `AP_Mat_Dif` varchar(25) COLLATE utf8_unicode_ci DEFAULT NULL,
  `Nombre_Dif` varchar(25) COLLATE utf8_unicode_ci DEFAULT NULL
) ENGINE=MyISAM DEFAULT CHARSET=utf8 COLLATE=utf8_unicode_ci;

--
-- Volcado de datos para la tabla `piedad`
--

INSERT INTO `piedad` (`ID_Nicho`, `ID_Cliente`, `Tipo_Nicho`, `Costo`, `Estado`, `AP_Pat_Dif`, `AP_Mat_Dif`, `Nombre_Dif`) VALUES
('A1', NULL, 'Normal', '20000.00', NULL, NULL, NULL, NULL),
('A2', NULL, 'Normal', '20000.00', NULL, NULL, NULL, NULL),
('A3', NULL, 'Normal', '20000.00', NULL, NULL, NULL, NULL),
('A4', NULL, 'Normal', '20000.00', NULL, NULL, NULL, NULL),
('A5', NULL, 'Normal', '20000.00', NULL, NULL, NULL, NULL),
('A6', NULL, 'Normal', '20000.00', NULL, NULL, NULL, NULL),
('A7', NULL, 'Normal', '20000.00', NULL, NULL, NULL, NULL),
('A8', NULL, 'Normal', '20000.00', NULL, NULL, NULL, NULL),
('A9', NULL, 'Normal', '20000.00', NULL, NULL, NULL, NULL),
('A10', NULL, 'Normal', '20000.00', NULL, NULL, NULL, NULL),
('A11', NULL, 'Normal', '20000.00', NULL, NULL, NULL, NULL),
('A12', NULL, 'Normal', '20000.00', NULL, NULL, NULL, NULL),
('A13', NULL, 'Normal', '20000.00', NULL, NULL, NULL, NULL),
('A14', NULL, 'Normal', '20000.00', NULL, NULL, NULL, NULL),
('B1', NULL, 'Normal', '20000.00', NULL, NULL, NULL, NULL),
('B2', NULL, 'Normal', '20000.00', NULL, NULL, NULL, NULL),
('B3', NULL, 'Normal', '20000.00', NULL, NULL, NULL, NULL),
('B4', NULL, 'Normal', '20000.00', NULL, NULL, NULL, NULL),
('B5', NULL, 'Normal', '20000.00', NULL, NULL, NULL, NULL),
('B6', NULL, 'Normal', '20000.00', NULL, NULL, NULL, NULL),
('B7', NULL, 'Normal', '20000.00', NULL, NULL, NULL, NULL),
('B8', NULL, 'Normal', '20000.00', NULL, NULL, NULL, NULL),
('B9', NULL, 'Normal', '20000.00', NULL, NULL, NULL, NULL),
('B10', NULL, 'Normal', '20000.00', NULL, NULL, NULL, NULL),
('B11', NULL, 'Normal', '20000.00', NULL, NULL, NULL, NULL),
('B12', NULL, 'Normal', '20000.00', NULL, NULL, NULL, NULL),
('B13', NULL, 'Normal', '20000.00', NULL, NULL, NULL, NULL),
('B14', NULL, 'Normal', '20000.00', NULL, NULL, NULL, NULL),
('C1', NULL, 'Normal', '20000.00', NULL, NULL, NULL, NULL),
('C2', NULL, 'Normal', '20000.00', NULL, NULL, NULL, NULL),
('C3', NULL, 'Normal', '20000.00', NULL, NULL, NULL, NULL),
('C4', NULL, 'Normal', '20000.00', NULL, NULL, NULL, NULL),
('C5', NULL, 'Normal', '20000.00', NULL, NULL, NULL, NULL),
('C6', NULL, 'Normal', '20000.00', NULL, NULL, NULL, NULL),
('C7', NULL, 'Normal', '20000.00', NULL, NULL, NULL, NULL),
('C8', NULL, 'Normal', '20000.00', NULL, NULL, NULL, NULL),
('C9', NULL, 'Normal', '20000.00', NULL, NULL, NULL, NULL),
('C10', NULL, 'Normal', '20000.00', NULL, NULL, NULL, NULL),
('C11', NULL, 'Normal', '20000.00', NULL, NULL, NULL, NULL),
('C12', NULL, 'Normal', '20000.00', NULL, NULL, NULL, NULL),
('C13', NULL, 'Normal', '20000.00', NULL, NULL, NULL, NULL),
('C14', NULL, 'Normal', '20000.00', NULL, NULL, NULL, NULL),
('D1', NULL, 'Normal', '20000.00', NULL, NULL, NULL, NULL),
('D2', NULL, 'Normal', '20000.00', NULL, NULL, NULL, NULL),
('D3', NULL, 'Normal', '20000.00', NULL, NULL, NULL, NULL),
('D4', NULL, 'Imagen', '20000.00', NULL, NULL, NULL, NULL),
('D5', NULL, 'Imagen', '20000.00', NULL, NULL, NULL, NULL),
('D6', NULL, 'Imagen', '20000.00', NULL, NULL, NULL, NULL),
('D7', NULL, 'Imagen', '20000.00', NULL, NULL, NULL, NULL),
('D8', NULL, 'Imagen', '20000.00', NULL, NULL, NULL, NULL),
('D9', NULL, 'Imagen', '20000.00', NULL, NULL, NULL, NULL),
('D10', NULL, 'Imagen', '20000.00', NULL, NULL, NULL, NULL),
('D11', NULL, 'Imagen', '20000.00', NULL, NULL, NULL, NULL),
('D12', NULL, 'Normal', '20000.00', NULL, NULL, NULL, NULL),
('D13', NULL, 'Normal', '20000.00', NULL, NULL, NULL, NULL),
('D14', NULL, 'Normal', '20000.00', NULL, NULL, NULL, NULL),
('E1', NULL, 'Normal', '20000.00', NULL, NULL, NULL, NULL),
('E2', NULL, 'Normal', '20000.00', NULL, NULL, NULL, NULL),
('E3', NULL, 'Normal', '20000.00', NULL, NULL, NULL, NULL),
('E4', NULL, 'Imagen', '20000.00', NULL, NULL, NULL, NULL),
('E5', NULL, 'Imagen', '20000.00', NULL, NULL, NULL, NULL),
('E6', NULL, 'Imagen', '20000.00', NULL, NULL, NULL, NULL),
('E7', NULL, 'Imagen', '20000.00', NULL, NULL, NULL, NULL),
('E8', NULL, 'Imagen', '20000.00', NULL, NULL, NULL, NULL),
('E9', NULL, 'Imagen', '20000.00', NULL, NULL, NULL, NULL),
('E10', NULL, 'Imagen', '20000.00', NULL, NULL, NULL, NULL),
('E11', NULL, 'Imagen', '20000.00', NULL, NULL, NULL, NULL),
('E12', NULL, 'Normal', '20000.00', NULL, NULL, NULL, NULL),
('E13', NULL, 'Normal', '20000.00', NULL, NULL, NULL, NULL),
('E14', NULL, 'Normal', '20000.00', NULL, NULL, NULL, NULL),
('F1', NULL, 'Normal', '20000.00', NULL, NULL, NULL, NULL),
('F2', NULL, 'Normal', '20000.00', NULL, NULL, NULL, NULL),
('F3', NULL, 'Normal', '20000.00', NULL, NULL, NULL, NULL),
('F4', NULL, 'Imagen', '20000.00', NULL, NULL, NULL, NULL),
('F5', NULL, 'Imagen', '20000.00', NULL, NULL, NULL, NULL),
('F6', NULL, 'Imagen', '20000.00', NULL, NULL, NULL, NULL),
('F7', NULL, 'Imagen', '20000.00', NULL, NULL, NULL, NULL),
('F8', NULL, 'Imagen', '20000.00', NULL, NULL, NULL, NULL),
('F9', NULL, 'Imagen', '20000.00', NULL, NULL, NULL, NULL),
('F10', NULL, 'Imagen', '20000.00', NULL, NULL, NULL, NULL),
('F11', NULL, 'Imagen', '20000.00', NULL, NULL, NULL, NULL),
('F12', NULL, 'Normal', '20000.00', NULL, NULL, NULL, NULL),
('F13', NULL, 'Normal', '20000.00', NULL, NULL, NULL, NULL),
('F14', NULL, 'Normal', '20000.00', NULL, NULL, NULL, NULL),
('G1', NULL, 'Normal', '20000.00', NULL, NULL, NULL, NULL),
('G2', NULL, 'Normal', '20000.00', NULL, NULL, NULL, NULL),
('G3', NULL, 'Normal', '20000.00', NULL, NULL, NULL, NULL),
('G4', NULL, 'Normal', '20000.00', NULL, NULL, NULL, NULL),
('G5', NULL, 'Imagen', '20000.00', NULL, NULL, NULL, NULL),
('G6', NULL, 'Imagen', '20000.00', NULL, NULL, NULL, NULL),
('G7', NULL, 'Imagen', '20000.00', NULL, NULL, NULL, NULL),
('G8', NULL, 'Imagen', '20000.00', NULL, NULL, NULL, NULL),
('G9', NULL, 'Imagen', '20000.00', NULL, NULL, NULL, NULL),
('G10', NULL, 'Imagen', '20000.00', NULL, NULL, NULL, NULL),
('G11', NULL, 'Imagen', '20000.00', NULL, NULL, NULL, NULL),
('G12', NULL, 'Normal', '20000.00', NULL, NULL, NULL, NULL),
('G13', NULL, 'Normal', '20000.00', NULL, NULL, NULL, NULL),
('G14', NULL, 'Normal', '20000.00', NULL, NULL, NULL, NULL),
('H1', NULL, 'Normal', '20000.00', NULL, NULL, NULL, NULL),
('H2', NULL, 'Normal', '20000.00', NULL, NULL, NULL, NULL),
('H3', NULL, 'Normal', '20000.00', NULL, NULL, NULL, NULL),
('H4', NULL, 'Normal', '20000.00', NULL, NULL, NULL, NULL),
('H5', NULL, 'Imagen', '20000.00', NULL, NULL, NULL, NULL),
('H6', NULL, 'Imagen', '20000.00', NULL, NULL, NULL, NULL),
('H7', NULL, 'Imagen', '20000.00', NULL, NULL, NULL, NULL),
('H8', NULL, 'Imagen', '20000.00', NULL, NULL, NULL, NULL),
('H9', NULL, 'Imagen', '20000.00', NULL, NULL, NULL, NULL),
('H10', NULL, 'Imagen', '20000.00', NULL, NULL, NULL, NULL),
('H11', NULL, 'Imagen', '20000.00', NULL, NULL, NULL, NULL),
('H12', NULL, 'Normal', '20000.00', NULL, NULL, NULL, NULL),
('H13', NULL, 'Normal', '20000.00', NULL, NULL, NULL, NULL),
('H14', NULL, 'Normal', '20000.00', NULL, NULL, NULL, NULL),
('I1', NULL, 'Normal', '20000.00', NULL, NULL, NULL, NULL),
('I2', NULL, 'Normal', '20000.00', NULL, NULL, NULL, NULL),
('I3', NULL, 'Normal', '20000.00', NULL, NULL, NULL, NULL),
('I4', NULL, 'Imagen', '20000.00', NULL, NULL, NULL, NULL),
('I5', NULL, 'Imagen', '20000.00', NULL, NULL, NULL, NULL),
('I6', NULL, 'Imagen', '20000.00', NULL, NULL, NULL, NULL),
('I7', NULL, 'Imagen', '20000.00', NULL, NULL, NULL, NULL),
('I8', NULL, 'Imagen', '20000.00', NULL, NULL, NULL, NULL),
('I9', NULL, 'Imagen', '20000.00', NULL, NULL, NULL, NULL),
('I10', NULL, 'Imagen', '20000.00', NULL, NULL, NULL, NULL),
('I11', NULL, 'Imagen', '20000.00', NULL, NULL, NULL, NULL),
('I12', NULL, 'Normal', '20000.00', NULL, NULL, NULL, NULL),
('I13', NULL, 'Normal', '20000.00', NULL, NULL, NULL, NULL),
('I14', NULL, 'Normal', '20000.00', NULL, NULL, NULL, NULL),
('J1', NULL, 'Normal', '20000.00', NULL, NULL, NULL, NULL),
('J2', NULL, 'Normal', '20000.00', NULL, NULL, NULL, NULL),
('J3', NULL, 'Normal', '20000.00', NULL, NULL, NULL, NULL),
('J4', NULL, 'Imagen', '20000.00', NULL, NULL, NULL, NULL),
('J5', NULL, 'Imagen', '20000.00', NULL, NULL, NULL, NULL),
('J6', NULL, 'Imagen', '20000.00', NULL, NULL, NULL, NULL),
('J7', NULL, 'Imagen', '20000.00', NULL, NULL, NULL, NULL),
('J8', NULL, 'Imagen', '20000.00', NULL, NULL, NULL, NULL),
('J9', NULL, 'Imagen', '20000.00', NULL, NULL, NULL, NULL),
('J10', NULL, 'Imagen', '20000.00', NULL, NULL, NULL, NULL),
('J11', NULL, 'Imagen', '20000.00', NULL, NULL, NULL, NULL),
('J12', NULL, 'Normal', '20000.00', NULL, NULL, NULL, NULL),
('J13', NULL, 'Normal', '20000.00', NULL, NULL, NULL, NULL),
('J14', NULL, 'Normal', '20000.00', NULL, NULL, NULL, NULL),
('K1', NULL, 'Normal', '20000.00', NULL, NULL, NULL, NULL),
('K2', NULL, 'Normal', '20000.00', NULL, NULL, NULL, NULL),
('K3', NULL, 'Normal', '20000.00', NULL, NULL, NULL, NULL),
('K4', NULL, 'Imagen', '20000.00', NULL, NULL, NULL, NULL),
('K5', NULL, 'Imagen', '20000.00', NULL, NULL, NULL, NULL),
('K6', NULL, 'Imagen', '20000.00', NULL, NULL, NULL, NULL),
('K7', NULL, 'Imagen', '20000.00', NULL, NULL, NULL, NULL),
('K8', NULL, 'Imagen', '20000.00', NULL, NULL, NULL, NULL),
('K9', NULL, 'Imagen', '20000.00', NULL, NULL, NULL, NULL),
('K10', NULL, 'Imagen', '20000.00', NULL, NULL, NULL, NULL),
('K11', NULL, 'Imagen', '20000.00', NULL, NULL, NULL, NULL),
('K12', NULL, 'Normal', '20000.00', NULL, NULL, NULL, NULL),
('K13', NULL, 'Normal', '20000.00', NULL, NULL, NULL, NULL),
('K14', NULL, 'Normal', '20000.00', NULL, NULL, NULL, NULL),
('L1', NULL, 'Normal', '20000.00', NULL, NULL, NULL, NULL),
('L2', NULL, 'Normal', '20000.00', NULL, NULL, NULL, NULL),
('L3', NULL, 'Normal', '20000.00', NULL, NULL, NULL, NULL),
('L4', NULL, 'Imagen', '20000.00', NULL, NULL, NULL, NULL),
('L5', NULL, 'Imagen', '20000.00', NULL, NULL, NULL, NULL),
('L6', NULL, 'Imagen', '20000.00', NULL, NULL, NULL, NULL),
('L7', NULL, 'Imagen', '20000.00', NULL, NULL, NULL, NULL),
('L8', NULL, 'Imagen', '20000.00', NULL, NULL, NULL, NULL),
('L9', NULL, 'Imagen', '20000.00', NULL, NULL, NULL, NULL),
('L10', NULL, 'Imagen', '20000.00', NULL, NULL, NULL, NULL),
('L11', NULL, 'Imagen', '20000.00', NULL, NULL, NULL, NULL),
('L12', NULL, 'Normal', '20000.00', NULL, NULL, NULL, NULL),
('L13', NULL, 'Normal', '20000.00', NULL, NULL, NULL, NULL),
('L14', NULL, 'Normal', '20000.00', NULL, NULL, NULL, NULL),
('M1', NULL, 'Normal', '20000.00', NULL, NULL, NULL, NULL),
('M2', NULL, 'Normal', '20000.00', NULL, NULL, NULL, NULL),
('M3', NULL, 'Normal', '20000.00', NULL, NULL, NULL, NULL),
('M4', NULL, 'Normal', '20000.00', NULL, NULL, NULL, NULL),
('M5', NULL, 'Normal', '20000.00', NULL, NULL, NULL, NULL),
('M6', NULL, 'Normal', '20000.00', NULL, NULL, NULL, NULL),
('M7', NULL, 'Normal', '20000.00', NULL, NULL, NULL, NULL),
('M8', NULL, 'Normal', '20000.00', NULL, NULL, NULL, NULL),
('M9', NULL, 'Normal', '20000.00', NULL, NULL, NULL, NULL),
('M10', NULL, 'Normal', '20000.00', NULL, NULL, NULL, NULL),
('M11', NULL, 'Normal', '20000.00', NULL, NULL, NULL, NULL),
('M12', NULL, 'Normal', '20000.00', NULL, NULL, NULL, NULL),
('M13', NULL, 'Normal', '20000.00', NULL, NULL, NULL, NULL),
('M14', NULL, 'Normal', '20000.00', NULL, NULL, NULL, NULL),
('N1-1P', NULL, 'Normal', '7000.00', NULL, NULL, NULL, NULL),
('N1-2P', NULL, 'Normal', '7000.00', NULL, NULL, NULL, NULL),
('N1-3P', NULL, 'Normal', '7000.00', NULL, NULL, NULL, NULL),
('N1-4P', NULL, 'Normal', '7000.00', NULL, NULL, NULL, NULL),
('N2-1P', NULL, 'Normal', '7000.00', NULL, NULL, NULL, NULL),
('N2-2P', NULL, 'Normal', '7000.00', NULL, NULL, NULL, NULL),
('N2-3P', NULL, 'Normal', '7000.00', NULL, NULL, NULL, NULL),
('N2-4P', NULL, 'Normal', '7000.00', NULL, NULL, NULL, NULL),
('N3-1P', NULL, 'Normal', '7000.00', NULL, NULL, NULL, NULL),
('N3-2P', NULL, 'Normal', '7000.00', NULL, NULL, NULL, NULL),
('N3-3P', NULL, 'Normal', '7000.00', NULL, NULL, NULL, NULL),
('N3-4P', NULL, 'Normal', '7000.00', NULL, NULL, NULL, NULL),
('N4-1P', NULL, 'Normal', '7000.00', NULL, NULL, NULL, NULL),
('N4-2P', NULL, 'Normal', '7000.00', NULL, NULL, NULL, NULL),
('N4-3P', NULL, '', '7000.00', NULL, NULL, NULL, NULL),
('N4-4P', NULL, '', '7000.00', NULL, NULL, NULL, NULL),
('N5-1P', NULL, '', '7000.00', NULL, NULL, NULL, NULL),
('N5-2P', NULL, '', '7000.00', NULL, NULL, NULL, NULL),
('N5-3P', NULL, '', '7000.00', NULL, NULL, NULL, NULL),
('N5-4P', NULL, '', '7000.00', NULL, NULL, NULL, NULL),
('N6-1P', NULL, '', '7000.00', NULL, NULL, NULL, NULL),
('N6-2P', NULL, '', '7000.00', NULL, NULL, NULL, NULL),
('N6-3P', NULL, '', '7000.00', NULL, NULL, NULL, NULL),
('N6-4P', NULL, '', '7000.00', NULL, NULL, NULL, NULL),
('N7-1P', NULL, '', '7000.00', NULL, NULL, NULL, NULL),
('N7-2P', NULL, '', '7000.00', NULL, NULL, NULL, NULL),
('N7-3P', NULL, '', '7000.00', NULL, NULL, NULL, NULL),
('N7-4P', NULL, '', '7000.00', NULL, NULL, NULL, NULL),
('N8-1P', NULL, '', '7000.00', NULL, NULL, NULL, NULL),
('N8-2P', NULL, '', '7000.00', NULL, NULL, NULL, NULL),
('N8-3P', NULL, '', '7000.00', NULL, NULL, NULL, NULL),
('N8-4P', NULL, '', '7000.00', NULL, NULL, NULL, NULL),
('N9-1P', NULL, '', '7000.00', NULL, NULL, NULL, NULL),
('N9-2P', NULL, '', '7000.00', NULL, NULL, NULL, NULL),
('N9-3P', NULL, '', '7000.00', NULL, NULL, NULL, NULL),
('N9-4P', NULL, '', '7000.00', NULL, NULL, NULL, NULL),
('N10-1P', NULL, '', '7000.00', NULL, NULL, NULL, NULL),
('N10-2P', NULL, '', '7000.00', NULL, NULL, NULL, NULL),
('N10-3P', NULL, '', '7000.00', NULL, NULL, NULL, NULL),
('N10-4P', NULL, '', '7000.00', NULL, NULL, NULL, NULL),
('N11-1P', NULL, '', '7000.00', NULL, NULL, NULL, NULL),
('N11-2P', NULL, '', '7000.00', NULL, NULL, NULL, NULL),
('N11-3P', NULL, '', '7000.00', NULL, NULL, NULL, NULL),
('N11-4P', NULL, '', '7000.00', NULL, NULL, NULL, NULL),
('N12-1P', NULL, '', '7000.00', NULL, NULL, NULL, NULL),
('N12-2P', NULL, '', '7000.00', NULL, NULL, NULL, NULL),
('N12-3P', NULL, '', '7000.00', NULL, NULL, NULL, NULL),
('N12-4P', NULL, '', '7000.00', NULL, NULL, NULL, NULL),
('N13-1P', NULL, '', '7000.00', NULL, NULL, NULL, NULL),
('N13-2P', NULL, '', '7000.00', NULL, NULL, NULL, NULL),
('N13-3P', NULL, '', '7000.00', NULL, NULL, NULL, NULL),
('N13-4P', NULL, '', '7000.00', NULL, NULL, NULL, NULL),
('N14-1P', NULL, '', '7000.00', NULL, NULL, NULL, NULL),
('N14-2P', NULL, '', '7000.00', NULL, NULL, NULL, NULL),
('N14-3P', NULL, '', '7000.00', NULL, NULL, NULL, NULL),
('N14-4P', NULL, '', '7000.00', NULL, NULL, NULL, NULL);

-- --------------------------------------------------------

--
-- Estructura de tabla para la tabla `usuarios`
--

CREATE TABLE `usuarios` (
  `ID_Usuario` int(11) NOT NULL,
  `Nombre` varchar(25) COLLATE utf8_unicode_ci DEFAULT NULL,
  `Usuario` varchar(25) COLLATE utf8_unicode_ci NOT NULL,
  `Contraseña` varchar(25) COLLATE utf8_unicode_ci DEFAULT NULL
) ENGINE=MyISAM DEFAULT CHARSET=utf8 COLLATE=utf8_unicode_ci;

--
-- Volcado de datos para la tabla `usuarios`
--

INSERT INTO `usuarios` (`ID_Usuario`, `Nombre`, `Usuario`, `Contraseña`) VALUES
(1, 'Angeles', 'admin', 'santacruz00'),
(2, 'Desarrolladores', 'devs', 'devs');

--
-- Índices para tablas volcadas
--

--
-- Indices de la tabla `buen_pastor`
--
ALTER TABLE `buen_pastor`
  ADD PRIMARY KEY (`ID_Nicho`);

--
-- Indices de la tabla `clientes`
--
ALTER TABLE `clientes`
  ADD PRIMARY KEY (`ID_Cliente`);

--
-- Indices de la tabla `documentos`
--
ALTER TABLE `documentos`
  ADD PRIMARY KEY (`ID_Documentos`);

--
-- Indices de la tabla `gastos`
--
ALTER TABLE `gastos`
  ADD PRIMARY KEY (`ID_Gasto`),
  ADD KEY `Monto_index` (`Monto`);

--
-- Indices de la tabla `ingresos`
--
ALTER TABLE `ingresos`
  ADD PRIMARY KEY (`ID_Ingreso`),
  ADD KEY `Monto_index` (`Monto`);

--
-- Indices de la tabla `pagos`
--
ALTER TABLE `pagos`
  ADD PRIMARY KEY (`ID_Pago`),
  ADD KEY `ID_Cliente_index` (`ID_Cliente`),
  ADD KEY `Cantidad_index` (`Cantidad`);

--
-- Indices de la tabla `piedad`
--
ALTER TABLE `piedad`
  ADD PRIMARY KEY (`ID_Nicho`),
  ADD KEY `ID_Cliente_index` (`ID_Cliente`);

--
-- Indices de la tabla `usuarios`
--
ALTER TABLE `usuarios`
  ADD PRIMARY KEY (`ID_Usuario`);

--
-- AUTO_INCREMENT de las tablas volcadas
--

--
-- AUTO_INCREMENT de la tabla `clientes`
--
ALTER TABLE `clientes`
  MODIFY `ID_Cliente` int(11) NOT NULL AUTO_INCREMENT, AUTO_INCREMENT=564;

--
-- AUTO_INCREMENT de la tabla `documentos`
--
ALTER TABLE `documentos`
  MODIFY `ID_Documentos` int(11) NOT NULL AUTO_INCREMENT;

--
-- AUTO_INCREMENT de la tabla `gastos`
--
ALTER TABLE `gastos`
  MODIFY `ID_Gasto` int(11) NOT NULL AUTO_INCREMENT, AUTO_INCREMENT=38;

--
-- AUTO_INCREMENT de la tabla `ingresos`
--
ALTER TABLE `ingresos`
  MODIFY `ID_Ingreso` int(11) NOT NULL AUTO_INCREMENT, AUTO_INCREMENT=2;

--
-- AUTO_INCREMENT de la tabla `pagos`
--
ALTER TABLE `pagos`
  MODIFY `ID_Pago` int(11) NOT NULL AUTO_INCREMENT, AUTO_INCREMENT=273;

--
-- AUTO_INCREMENT de la tabla `usuarios`
--
ALTER TABLE `usuarios`
  MODIFY `ID_Usuario` int(11) NOT NULL AUTO_INCREMENT, AUTO_INCREMENT=3;
COMMIT;

/*!40101 SET CHARACTER_SET_CLIENT=@OLD_CHARACTER_SET_CLIENT */;
/*!40101 SET CHARACTER_SET_RESULTS=@OLD_CHARACTER_SET_RESULTS */;
/*!40101 SET COLLATION_CONNECTION=@OLD_COLLATION_CONNECTION */;
